entry_id,circumcision,dress,extra_ritual_group_markers,food_taboos,hair,ornaments,permanent_scarring,tattoos_scarification,violent_external,violent_internal,year_from,region_id,data_source,world_region,year_scaled,judges_other,judges_own,legal_code_other,legal_code_own,military_participate,military_possess,military_protected,police_force_other,police_force_own,punish_other,punish_own,society_type,state
173,0.0,0.0,0.0,0.0,0.0,0.0,0.0,0.0,0.0,,90,483,Database of Religious History (DRH) [default],Southwest Asia,-0.9590305154311032,1.0,0.0,1.0,0.0,,0.0,1.0,,0.0,1.0,0.0,An empire,1.0
174,0.0,0.0,0.0,0.0,0.0,0.0,0.0,0.0,1.0,1.0,50,352,Database of Religious History (DRH) [default],Southwest Asia,-0.996275429870828,1.0,0.0,1.0,0.0,1.0,0.0,1.0,1.0,0.0,1.0,0.0,An empire,1.0
180,,,1.0,,,,,,0.0,0.0,-350,10,Database of Religious History (DRH) [default],East Asia,-1.368724574268077,,,,,,,,,,,,,
196,,,,,,,0.0,,0.0,0.0,45,479,Database of Religious History (DRH) [default],Europe,-1.0009310441757937,1.0,0.0,1.0,0.0,,0.0,1.0,1.0,0.0,1.0,1.0,,
212,0.0,0.0,0.0,0.0,0.0,0.0,,0.0,0.0,0.0,-481,467,Database of Religious History (DRH) [default],East Asia,-1.4907016690581758,1.0,0.0,1.0,0.0,1.0,0.0,1.0,1.0,0.0,1.0,0.0,A state,1.0
217,0.0,0.0,0.0,0.0,0.0,0.0,0.0,0.0,0.0,0.0,-202,498,Database of Religious History (DRH) [default],Europe,-1.2309183908410948,1.0,0.0,1.0,1.0,1.0,0.0,1.0,0.0,0.0,1.0,0.0,,
222,,,1.0,,,,0.0,,1.0,1.0,600,56,Database of Religious History (DRH) [default],North America,-0.4841578563246108,0.0,0.0,0.0,0.0,0.0,1.0,0.0,0.0,0.0,1.0,,,
230,0.0,0.0,0.0,0.0,0.0,0.0,0.0,0.0,1.0,1.0,-3300,494,Database of Religious History (DRH) [default],Southwest Asia,-4.115537014197787,1.0,1.0,0.0,0.0,,,,0.0,0.0,1.0,,A state,1.0
231,0.0,0.0,0.0,0.0,0.0,0.0,0.0,0.0,0.0,0.0,-600,540,Database of Religious History (DRH) [default],Europe,-1.6015052895163573,1.0,0.0,1.0,1.0,1.0,0.0,1.0,0.0,0.0,1.0,0.0,A state,1.0
257,0.0,1.0,1.0,,,1.0,,1.0,0.0,0.0,250,550,Database of Religious History (DRH) [default],North America,-0.8100508576722035,,,,,,,1.0,,,,,,
284,1.0,0.0,1.0,1.0,1.0,1.0,1.0,1.0,0.0,0.0,-3500,567,Database of Religious History (DRH) [default],Oceania-Australia,-4.301761586396411,1.0,0.0,1.0,0.0,0.0,0.0,1.0,1.0,0.0,1.0,0.0,,
354,0.0,0.0,0.0,0.0,0.0,0.0,0.0,0.0,0.0,0.0,-330,640,Database of Religious History (DRH) [default],Southwest Asia,-1.3501021170482144,1.0,1.0,,,,0.0,1.0,1.0,0.0,1.0,1.0,An empire,1.0
381,0.0,0.0,0.0,0.0,0.0,0.0,0.0,0.0,0.0,0.0,1469,481,Database of Religious History (DRH) [default],South Asia,0.3249879098784123,1.0,0.0,1.0,0.0,,0.0,1.0,1.0,0.0,1.0,0.0,An empire,1.0
389,0.0,0.0,0.0,0.0,0.0,0.0,0.0,0.0,0.0,1.0,1840,656,Pulotu — Database of Pacific Religions,Southeast Asia,0.6704344913068606,,0.0,,,,0.0,,,0.0,,0.0,,
392,0.0,1.0,1.0,1.0,1.0,1.0,0.0,0.0,1.0,0.0,1606,652,Database of Religious History (DRH) [default],South Asia,0.45255174183447,1.0,0.0,1.0,0.0,0.0,1.0,1.0,1.0,0.0,1.0,0.0,An empire,1.0
400,0.0,0.0,0.0,0.0,0.0,0.0,0.0,0.0,0.0,0.0,1980,381,Database of Religious History (DRH) [default],Southeast Asia,0.8007916918458977,1.0,0.0,1.0,1.0,1.0,0.0,1.0,1.0,0.0,1.0,0.0,A state,1.0
415,0.0,1.0,1.0,1.0,1.0,1.0,0.0,0.0,0.0,0.0,1970,667,Database of Religious History (DRH) [default],South Asia,0.7914804632359665,1.0,0.0,1.0,0.0,0.0,0.0,1.0,1.0,0.0,1.0,1.0,A state,1.0
419,0.0,0.0,0.0,0.0,0.0,0.0,0.0,0.0,0.0,0.0,1970,673,Database of Religious History (DRH) [default],South Asia,0.7914804632359665,1.0,1.0,1.0,0.0,1.0,0.0,1.0,1.0,0.0,1.0,0.0,A state,1.0
422,0.0,0.0,1.0,0.0,0.0,0.0,0.0,0.0,0.0,0.0,-1500,50,Database of Religious History (DRH) [default],Europe,-2.439515864410167,1.0,0.0,1.0,0.0,1.0,0.0,1.0,1.0,0.0,1.0,,A state,1.0
424,0.0,0.0,0.0,0.0,0.0,0.0,0.0,0.0,1.0,1.0,-550,548,Database of Religious History (DRH) [default],Southwest Asia,-1.5549491464667011,1.0,,0.0,1.0,0.0,1.0,0.0,0.0,0.0,0.0,1.0,An empire,1.0
441,0.0,0.0,0.0,0.0,0.0,0.0,0.0,0.0,0.0,1.0,1690,690,Database of Religious History (DRH) [default],South Asia,0.5307660621578923,0.0,0.0,0.0,0.0,0.0,0.0,0.0,0.0,0.0,0.0,0.0,A state,1.0
442,0.0,0.0,0.0,0.0,0.0,0.0,0.0,0.0,0.0,1.0,311,691,Database of Religious History (DRH) [default],Africa,-0.7532523631516231,1.0,1.0,1.0,0.0,1.0,0.0,1.0,0.0,0.0,1.0,0.0,An empire,1.0
455,,,,,,,0.0,,0.0,0.0,1292,703,Database of Religious History (DRH) [default],Southeast Asia,0.1601791634826297,0.0,0.0,,1.0,0.0,0.0,1.0,0.0,0.0,0.0,0.0,A state,1.0
456,1.0,1.0,1.0,1.0,,,0.0,0.0,0.0,,-165,485,Database of Religious History (DRH) [default],Southwest Asia,-1.1964668449843492,1.0,1.0,1.0,1.0,1.0,0.0,0.0,0.0,0.0,,1.0,A state,1.0
469,0.0,0.0,0.0,0.0,0.0,0.0,0.0,0.0,0.0,0.0,1916,717,Database of Religious History (DRH) [default],East Asia,0.7411998287423379,1.0,0.0,1.0,1.0,1.0,0.0,1.0,1.0,0.0,1.0,1.0,A state,1.0
470,,,,,,,1.0,,1.0,1.0,-800,719,Database of Religious History (DRH) [default],Europe,-1.7877298617149815,,,,,1.0,1.0,1.0,,,,1.0,A state,1.0
476,1.0,1.0,1.0,1.0,1.0,1.0,1.0,0.0,1.0,0.0,1000,724,Database of Religious History (DRH) [default],Southeast Asia,-0.1117087119273619,1.0,0.0,1.0,0.0,1.0,0.0,1.0,1.0,0.0,1.0,0.0,,
483,0.0,0.0,1.0,0.0,0.0,0.0,0.0,0.0,0.0,1.0,2015,720,Database of Religious History (DRH) [default],Europe,0.833380991980657,1.0,0.0,1.0,0.0,0.0,0.0,1.0,1.0,0.0,1.0,0.0,,
484,0.0,0.0,0.0,0.0,0.0,0.0,0.0,0.0,0.0,1.0,2015,720,Database of Religious History (DRH) [default],Europe,0.833380991980657,1.0,0.0,1.0,0.0,1.0,0.0,1.0,1.0,0.0,1.0,0.0,,
485,0.0,1.0,1.0,1.0,,1.0,0.0,0.0,1.0,,500,730,Database of Religious History (DRH) [default],Europe,-0.577270142423923,0.0,0.0,0.0,0.0,0.0,0.0,0.0,0.0,0.0,0.0,0.0,A tribe,0.0
486,0.0,0.0,0.0,0.0,0.0,0.0,0.0,0.0,0.0,0.0,1830,731,Database of Religious History (DRH) [default],North America,0.6611232626969294,1.0,0.0,1.0,0.0,1.0,0.0,1.0,1.0,0.0,1.0,0.0,A state,1.0
490,,1.0,1.0,,,,0.0,0.0,0.0,0.0,1260,738,Database of Religious History (DRH) [default],Europe,0.1303832319308497,1.0,0.0,1.0,0.0,0.0,0.0,0.0,0.0,0.0,1.0,0.0,A state,1.0
492,0.0,1.0,1.0,0.0,0.0,1.0,0.0,0.0,1.0,1.0,-800,737,Database of Religious History (DRH) [default],Europe,-1.7877298617149815,1.0,0.0,1.0,0.0,0.0,0.0,1.0,1.0,0.0,1.0,0.0,A state,1.0
520,0.0,1.0,1.0,1.0,1.0,1.0,0.0,1.0,1.0,1.0,1600,762,Database of Religious History (DRH) [default],Southeast Asia,0.4469650046685113,1.0,1.0,1.0,0.0,1.0,0.0,1.0,1.0,0.0,1.0,1.0,An empire,1.0
525,0.0,0.0,0.0,0.0,0.0,0.0,0.0,0.0,0.0,0.0,1951,660,Database of Religious History (DRH) [default],Africa,0.7737891288770972,1.0,0.0,1.0,0.0,1.0,0.0,1.0,1.0,0.0,1.0,0.0,A state,1.0
526,0.0,0.0,0.0,0.0,0.0,0.0,0.0,0.0,0.0,1.0,1900,766,Database of Religious History (DRH) [default],Southeast Asia,0.7263018629664479,1.0,0.0,1.0,0.0,0.0,0.0,1.0,1.0,0.0,1.0,0.0,A tribe,0.0
534,0.0,0.0,0.0,0.0,0.0,0.0,0.0,0.0,1.0,1.0,-42,132,Database of Religious History (DRH) [default],Europe,-1.0819387330821952,1.0,1.0,0.0,1.0,1.0,1.0,1.0,1.0,0.0,0.0,1.0,An empire,1.0
562,0.0,0.0,0.0,0.0,0.0,0.0,1.0,0.0,1.0,1.0,1017,480,Database of Religious History (DRH) [default],South Asia,-0.0958796232904788,0.0,0.0,1.0,0.0,0.0,0.0,,0.0,0.0,0.0,0.0,An empire,1.0
563,0.0,0.0,0.0,0.0,0.0,0.0,0.0,0.0,0.0,0.0,1845,797,Database of Religious History (DRH) [default],South Asia,0.6750901056118263,1.0,0.0,1.0,0.0,1.0,0.0,1.0,0.0,0.0,0.0,0.0,,
564,0.0,0.0,1.0,1.0,0.0,0.0,0.0,0.0,1.0,1.0,1950,799,Database of Religious History (DRH) [default],South Asia,0.7728580060161041,1.0,0.0,1.0,0.0,1.0,0.0,1.0,1.0,0.0,1.0,0.0,,
565,,,,,,,1.0,,0.0,1.0,1925,803,eHRAF,Africa,0.749579934491276,1.0,,1.0,,1.0,,1.0,1.0,,1.0,,A state,1.0
567,0.0,0.0,0.0,0.0,0.0,0.0,0.0,0.0,0.0,0.0,2001,802,Database of Religious History (DRH) [default],Europe,0.8203452719267533,1.0,0.0,1.0,0.0,,0.0,,1.0,0.0,1.0,0.0,,
570,0.0,0.0,0.0,0.0,0.0,0.0,0.0,0.0,1.0,1.0,1986,806,Database of Religious History (DRH) [default],Southeast Asia,0.8063784290118564,1.0,0.0,1.0,1.0,0.0,0.0,1.0,1.0,0.0,1.0,0.0,,
576,,,1.0,1.0,,1.0,1.0,1.0,,0.0,1000,811,Database of Religious History (DRH) [default],Southeast Asia,-0.1117087119273619,1.0,0.0,1.0,0.0,1.0,0.0,,1.0,0.0,1.0,0.0,A tribe,0.0
577,,,,,,,0.0,,1.0,1.0,1860,812,eHRAF,Africa,0.6890569485267231,,1.0,,,,1.0,,,,,1.0,A state,1.0
580,0.0,1.0,1.0,0.0,0.0,1.0,1.0,0.0,0.0,0.0,1700,817,Database of Religious History (DRH) [default],South Asia,0.5400772907678235,1.0,0.0,1.0,0.0,0.0,0.0,1.0,1.0,0.0,1.0,0.0,,
581,,1.0,1.0,1.0,1.0,1.0,1.0,1.0,0.0,0.0,1970,818,Database of Religious History (DRH) [default],Southeast Asia,0.7914804632359665,,0.0,,0.0,,0.0,,1.0,0.0,1.0,,A band,0.0
590,0.0,0.0,0.0,0.0,0.0,0.0,0.0,0.0,0.0,0.0,670,824,Database of Religious History (DRH) [default],East Asia,-0.4189792560550923,1.0,0.0,1.0,1.0,1.0,0.0,1.0,0.0,0.0,1.0,1.0,An empire,1.0
592,0.0,0.0,1.0,1.0,0.0,0.0,0.0,0.0,0.0,1.0,1200,826,Database of Religious History (DRH) [default],South Asia,0.0745158602712624,0.0,0.0,0.0,0.0,0.0,0.0,0.0,0.0,0.0,0.0,0.0,,
598,,,,,,,1.0,,1.0,1.0,1875,833,eHRAF,Africa,0.7030237914416199,,0.0,,0.0,,1.0,,,0.0,,0.0,A chiefdom,0.0
602,1.0,,1.0,,,1.0,,1.0,1.0,,1930,837,eHRAF,Africa,0.7542355487962417,1.0,1.0,,1.0,,1.0,,,,,,A state,1.0
604,1.0,,1.0,,,,,,0.0,0.0,1890,838,eHRAF,Africa,0.7169906343565168,,,,0.0,,,,,,,,A chiefdom,0.0
607,,,,,,,0.0,,0.0,0.0,-400,467,Database of Religious History (DRH) [default],East Asia,-1.4152807173177329,0.0,0.0,1.0,0.0,1.0,0.0,1.0,0.0,0.0,1.0,0.0,A state,1.0
608,1.0,,1.0,1.0,,,,,1.0,1.0,1926,841,eHRAF,Southwest Asia,0.7505110573522691,1.0,1.0,1.0,1.0,1.0,,1.0,1.0,0.0,,,A chiefdom,0.0
623,0.0,0.0,1.0,0.0,0.0,0.0,0.0,0.0,0.0,1.0,1893,1131,Database of Religious History (DRH) [default],North America,0.7197840029394961,1.0,0.0,1.0,0.0,1.0,0.0,1.0,1.0,0.0,1.0,0.0,A state,1.0
624,0.0,0.0,0.0,0.0,0.0,0.0,0.0,0.0,1.0,1.0,1550,857,Database of Religious History (DRH) [default],South Asia,0.4004088616188552,1.0,0.0,1.0,0.0,0.0,1.0,1.0,1.0,0.0,1.0,,A tribe,0.0
626,,,,,,,0.0,,0.0,0.0,1907,859,eHRAF,South America,0.7328197229933998,,0.0,,0.0,,,,,0.0,,0.0,A band,0.0
629,0.0,0.0,0.0,0.0,0.0,0.0,0.0,0.0,0.0,0.0,1200,861,Database of Religious History (DRH) [default],South Asia,0.0745158602712624,1.0,0.0,1.0,0.0,0.0,0.0,1.0,1.0,0.0,1.0,0.0,A state,1.0
630,1.0,,1.0,,,,0.0,,1.0,,1886,862,eHRAF,Oceania-Australia,0.7132661429125442,,0.0,,0.0,,,,,0.0,,,A tribe,0.0
632,0.0,0.0,0.0,0.0,0.0,0.0,0.0,0.0,1.0,,-650,864,Database of Religious History (DRH) [default],Europe,-1.6480614325660137,0.0,0.0,,0.0,0.0,0.0,0.0,0.0,0.0,0.0,0.0,A state,1.0
633,0.0,0.0,0.0,0.0,0.0,0.0,0.0,0.0,0.0,0.0,1238,865,Database of Religious History (DRH) [default],South Asia,0.1098985289890011,0.0,0.0,0.0,0.0,0.0,0.0,0.0,0.0,0.0,0.0,0.0,A state,1.0
645,1.0,0.0,1.0,1.0,0.0,0.0,0.0,0.0,0.0,1.0,1100,873,Database of Religious History (DRH) [default],South Asia,-0.0185964258280497,1.0,0.0,1.0,0.0,1.0,0.0,1.0,1.0,0.0,1.0,0.0,,
649,0.0,0.0,0.0,0.0,0.0,0.0,0.0,0.0,0.0,0.0,700,480,Database of Religious History (DRH) [default],South Asia,-0.3910455702252986,1.0,0.0,1.0,0.0,,0.0,1.0,1.0,0.0,0.0,0.0,,
654,0.0,1.0,1.0,1.0,1.0,0.0,0.0,0.0,1.0,1.0,1198,493,Database of Religious History (DRH) [default],Europe,0.0726536145492762,,1.0,1.0,1.0,1.0,0.0,,1.0,0.0,,1.0,A state,1.0
655,,,,,,,1.0,,0.0,0.0,1917,881,eHRAF,South America,0.742130951603331,,0.0,,,,0.0,,,1.0,,0.0,A band,0.0
658,,,,,,,0.0,,0.0,0.0,1925,884,eHRAF,South America,0.749579934491276,1.0,,1.0,0.0,,,,1.0,,1.0,,A tribe,0.0
661,0.0,1.0,1.0,1.0,1.0,0.0,0.0,0.0,0.0,0.0,1113,887,Database of Religious History (DRH) [default],Europe,-0.0064918286351391,1.0,1.0,1.0,1.0,0.0,0.0,0.0,1.0,0.0,1.0,1.0,A state,1.0
662,,,,,,,0.0,,0.0,1.0,1922,888,eHRAF,South America,0.7467865659082966,,,,,,,,,0.0,,,A tribe,0.0
666,,,,,,,0.0,,1.0,1.0,1914,890,eHRAF,Oceania-Australia,0.7393375830203517,1.0,0.0,1.0,,,,,1.0,0.0,1.0,,A tribe,0.0
667,,,1.0,,,1.0,,1.0,0.0,1.0,1855,891,eHRAF,East Asia,0.6844013342217574,,0.0,,,,,,,0.0,,,A tribe,0.0
674,,,,,,,0.0,,0.0,,1915,898,eHRAF,South America,0.7402687058813447,1.0,0.0,,,1.0,,,,0.0,,,,
675,,,,,,,0.0,,1.0,1.0,1885,899,eHRAF,Europe,0.7123350200515511,,0.0,,,,,,,0.0,,,A band,0.0
676,0.0,1.0,1.0,1.0,1.0,0.0,0.0,0.0,0.0,0.0,1198,900,Database of Religious History (DRH) [default],Europe,0.0726536145492762,1.0,0.0,1.0,1.0,0.0,0.0,,1.0,0.0,1.0,1.0,A state,1.0
679,,,,,,,0.0,,0.0,0.0,1915,903,eHRAF,South Asia,0.7402687058813447,,1.0,,,,,,,1.0,,,A chiefdom,0.0
680,0.0,0.0,0.0,0.0,0.0,0.0,0.0,0.0,0.0,1.0,1850,677,Database of Religious History (DRH) [default],South Asia,0.6797457199167919,1.0,0.0,1.0,0.0,1.0,0.0,1.0,1.0,0.0,1.0,0.0,,
681,,,,,,,0.0,,1.0,1.0,-2350,904,Database of Religious History (DRH) [default],Southwest Asia,-3.230970296254321,0.0,1.0,0.0,0.0,0.0,1.0,0.0,0.0,0.0,0.0,,An empire,1.0
682,,,,,,,0.0,,1.0,1.0,1905,910,eHRAF,South Asia,0.7309574772714136,1.0,0.0,,,,,,,0.0,,,A chiefdom,0.0
684,,,,,,,0.0,,1.0,1.0,1615,907,eHRAF,North America,0.4609318475834081,,,,,,,,,0.0,,0.0,A chiefdom,0.0
685,,0.0,1.0,0.0,0.0,1.0,0.0,,0.0,0.0,1940,908,eHRAF,Southeast Asia,0.7635467774061728,,0.0,,,,,,,0.0,,0.0,A tribe,0.0
688,0.0,0.0,0.0,0.0,0.0,0.0,0.0,0.0,0.0,,1866,496,Database of Religious History (DRH) [default],South Asia,0.6946436856926818,1.0,0.0,1.0,0.0,1.0,0.0,1.0,0.0,0.0,1.0,0.0,A state,1.0
689,,,,,,,0.0,,1.0,0.0,1869,911,eHRAF,South America,0.6974370542756612,,0.0,,0.0,,,,,0.0,,,A band,0.0
690,0.0,0.0,0.0,0.0,0.0,0.0,0.0,0.0,0.0,0.0,1880,496,Database of Religious History (DRH) [default],South Asia,0.7076794057465855,1.0,1.0,1.0,1.0,1.0,0.0,1.0,1.0,0.0,1.0,1.0,A state,1.0
691,,,,,,,0.0,,1.0,,1870,912,eHRAF,Africa,0.6983681771366543,,1.0,,1.0,,1.0,,,1.0,,,A state,1.0
694,,,,,,,0.0,,1.0,0.0,1880,915,eHRAF,North America,0.7076794057465855,,0.0,,0.0,,,,,0.0,,0.0,A chiefdom,0.0
710,,,,,,,0.0,,1.0,0.0,1816,923,eHRAF,North America,0.6480875426430257,,0.0,,,,,,,1.0,,,A chiefdom,0.0
711,,,1.0,,,,,1.0,1.0,1.0,1912,924,eHRAF,Oceania-Australia,0.7374753372983655,,0.0,,0.0,,,,1.0,0.0,,,A tribe,0.0
714,0.0,1.0,1.0,1.0,1.0,1.0,0.0,0.0,0.0,1.0,550,480,Database of Religious History (DRH) [default],South Asia,-0.5307139993742669,1.0,0.0,0.0,1.0,1.0,0.0,1.0,1.0,0.0,1.0,1.0,A state,1.0
719,0.0,0.0,0.0,0.0,0.0,0.0,0.0,0.0,0.0,0.0,1845,342,Database of Religious History (DRH) [default],North America,0.6750901056118263,1.0,0.0,1.0,0.0,1.0,0.0,1.0,1.0,0.0,1.0,0.0,A state,1.0
721,,,,,,,0.0,,0.0,0.0,1910,929,eHRAF,Southeast Asia,0.7356130915763792,,0.0,,0.0,,,,,0.0,,,A band,0.0
726,0.0,1.0,1.0,1.0,1.0,1.0,0.0,0.0,0.0,1.0,-700,934,Database of Religious History (DRH) [default],South Asia,-1.6946175756156696,0.0,0.0,1.0,1.0,0.0,0.0,1.0,1.0,0.0,1.0,0.0,A chiefdom,0.0
727,1.0,1.0,1.0,1.0,,1.0,0.0,0.0,1.0,1.0,1160,935,Database of Religious History (DRH) [default],Southeast Asia,0.0372709458315375,,0.0,1.0,0.0,1.0,0.0,1.0,1.0,0.0,,0.0,A tribe,0.0
728,,,,,,,0.0,,0.0,0.0,1928,936,eHRAF,Oceania-Australia,0.7523733030742553,,0.0,,,,,,,0.0,,,A tribe,0.0
729,1.0,,1.0,,,1.0,0.0,,1.0,0.0,1895,937,eHRAF,Africa,0.7216462486614823,1.0,0.0,,,,,,,0.0,,,A tribe,0.0
732,,,1.0,,,,,1.0,1.0,1.0,1800,938,eHRAF,Oceania-Australia,0.6331895768671357,,0.0,,,,,,,0.0,,0.0,A chiefdom,0.0
739,0.0,0.0,0.0,0.0,0.0,0.0,,0.0,1.0,1.0,1885,945,Pulotu — Database of Pacific Religions,Oceania-Australia,0.7123350200515511,0.0,0.0,0.0,0.0,0.0,0.0,0.0,0.0,0.0,0.0,0.0,A tribe,0.0
745,0.0,,1.0,0.0,,1.0,1.0,1.0,1.0,1.0,1860,950,Pulotu — Database of Pacific Religions,Oceania-Australia,0.6890569485267231,0.0,0.0,0.0,0.0,0.0,0.0,0.0,0.0,0.0,0.0,1.0,A chiefdom,0.0
749,0.0,1.0,1.0,1.0,1.0,1.0,0.0,0.0,0.0,0.0,1800,717,Database of Religious History (DRH) [default],East Asia,0.6331895768671357,1.0,0.0,1.0,0.0,1.0,0.0,1.0,1.0,0.0,1.0,0.0,A state,1.0
750,,,,,,,1.0,,1.0,1.0,1850,954,Pulotu — Database of Pacific Religions,Oceania-Australia,0.6797457199167919,0.0,0.0,0.0,0.0,0.0,1.0,0.0,0.0,0.0,0.0,0.0,A tribe,0.0
752,,,,,,,0.0,,1.0,0.0,1470,955,Database of Religious History (DRH) [default],Southeast Asia,0.3259190327394054,,0.0,1.0,0.0,1.0,0.0,1.0,1.0,0.0,,0.0,,
755,1.0,1.0,1.0,1.0,0.0,0.0,0.0,0.0,1.0,0.0,1850,960,Database of Religious History (DRH) [default],Central Eurasia,0.6797457199167919,1.0,0.0,1.0,0.0,1.0,0.0,1.0,1.0,0.0,1.0,0.0,,
759,,,,,,,0.0,,1.0,1.0,1855,964,eHRAF,North America,0.6844013342217574,,0.0,,0.0,,,,,0.0,,,A band,0.0
763,,,,,,,0.0,,0.0,0.0,1810,968,Pulotu — Database of Pacific Religions,Oceania-Australia,0.642500805477067,0.0,,,,0.0,0.0,0.0,0.0,,,,A tribe,0.0
766,,,,,,,0.0,,0.0,0.0,1930,971,eHRAF,South Asia,0.7542355487962417,,,,,,,,,1.0,,,,
770,0.0,0.0,0.0,0.0,0.0,0.0,0.0,0.0,1.0,0.0,1920,348,Database of Religious History (DRH) [default],Southeast Asia,0.7449243201863104,1.0,0.0,1.0,1.0,0.0,0.0,1.0,1.0,0.0,1.0,0.0,,
788,0.0,0.0,0.0,0.0,0.0,0.0,0.0,0.0,0.0,0.0,-1500,984,Database of Religious History (DRH) [default],Southwest Asia,-2.439515864410167,1.0,0.0,1.0,,1.0,0.0,1.0,0.0,0.0,,0.0,A state,1.0
794,0.0,,1.0,1.0,1.0,,0.0,,1.0,1.0,1840,986,eHRAF,North America,0.6704344913068606,,0.0,,,,,,,0.0,,,A chiefdom,0.0
834,0.0,0.0,0.0,0.0,0.0,0.0,0.0,0.0,0.0,0.0,1982,1003,Database of Religious History (DRH) [default],Southeast Asia,0.802653937567884,0.0,0.0,0.0,0.0,0.0,0.0,0.0,0.0,0.0,0.0,0.0,,
841,0.0,1.0,1.0,0.0,0.0,1.0,0.0,0.0,0.0,0.0,1073,1010,Database of Religious History (DRH) [default],South Asia,-0.043736743074864,0.0,0.0,0.0,,0.0,0.0,1.0,0.0,0.0,0.0,0.0,,
842,0.0,0.0,0.0,0.0,0.0,0.0,0.0,0.0,0.0,0.0,1730,1011,Database of Religious History (DRH) [default],North America,0.5680109765976172,1.0,0.0,1.0,0.0,1.0,0.0,1.0,1.0,0.0,1.0,0.0,A state,1.0
846,0.0,1.0,1.0,1.0,1.0,0.0,0.0,0.0,0.0,0.0,645,1015,Database of Religious History (DRH) [default],East Asia,-0.4422573275799203,0.0,0.0,0.0,0.0,0.0,0.0,,,0.0,0.0,0.0,A chiefdom,0.0
848,1.0,1.0,1.0,1.0,0.0,1.0,1.0,0.0,0.0,1.0,-200,485,Database of Religious History (DRH) [default],Southwest Asia,-1.2290561451191084,1.0,1.0,1.0,1.0,0.0,0.0,1.0,1.0,0.0,1.0,,A state,1.0
849,0.0,0.0,0.0,0.0,0.0,0.0,0.0,0.0,0.0,0.0,1750,1016,Database of Religious History (DRH) [default],North America,0.5866334338174797,1.0,0.0,1.0,0.0,1.0,0.0,0.0,1.0,0.0,1.0,0.0,A tribe,0.0
850,0.0,1.0,1.0,1.0,1.0,1.0,0.0,,1.0,1.0,-600,1017,Database of Religious History (DRH) [default],Europe,-1.6015052895163573,0.0,1.0,0.0,1.0,0.0,1.0,0.0,0.0,0.0,0.0,1.0,A tribe,0.0
851,0.0,1.0,1.0,1.0,1.0,0.0,0.0,0.0,1.0,1.0,1899,1018,Database of Religious History (DRH) [default],North America,0.7253707401054549,1.0,1.0,1.0,1.0,1.0,0.0,1.0,1.0,0.0,1.0,1.0,,
852,,,,,,,1.0,,1.0,1.0,-500,1019,Database of Religious History (DRH) [default],Europe,-1.5083930034170452,1.0,1.0,1.0,1.0,0.0,1.0,0.0,0.0,0.0,1.0,1.0,A tribe,0.0
854,0.0,1.0,1.0,1.0,1.0,1.0,0.0,,1.0,0.0,-400,554,Database of Religious History (DRH) [default],Europe,-1.4152807173177329,0.0,1.0,0.0,1.0,1.0,0.0,1.0,0.0,0.0,1.0,1.0,A chiefdom,0.0
855,1.0,1.0,1.0,0.0,1.0,0.0,1.0,0.0,,0.0,1900,1021,Database of Religious History (DRH) [default],Southwest Asia,0.7263018629664479,1.0,0.0,1.0,0.0,0.0,0.0,1.0,1.0,0.0,1.0,0.0,A state,1.0
857,0.0,0.0,0.0,0.0,0.0,0.0,0.0,0.0,0.0,0.0,1738,1097,Database of Religious History (DRH) [default],Africa,0.5754599594855622,0.0,0.0,0.0,0.0,0.0,0.0,1.0,0.0,0.0,0.0,0.0,,
858,0.0,,1.0,1.0,0.0,0.0,,,1.0,1.0,165,1024,Database of Religious History (DRH) [default],Europe,-0.8891963008566189,1.0,,1.0,0.0,0.0,0.0,1.0,0.0,0.0,1.0,0.0,An empire,1.0
859,0.0,0.0,0.0,0.0,0.0,0.0,0.0,0.0,0.0,1.0,135,6,Database of Religious History (DRH) [default],Europe,-0.9171299866864128,1.0,0.0,1.0,0.0,,0.0,0.0,0.0,0.0,1.0,0.0,A tribe,0.0
862,0.0,0.0,0.0,0.0,0.0,0.0,0.0,0.0,0.0,0.0,1907,1027,Database of Religious History (DRH) [default],South Asia,0.7328197229933998,1.0,0.0,1.0,0.0,1.0,0.0,1.0,1.0,0.0,1.0,0.0,,
863,0.0,,1.0,1.0,,,0.0,,0.0,0.0,-550,132,Database of Religious History (DRH) [default],Europe,-1.5549491464667011,1.0,,1.0,,0.0,0.0,1.0,1.0,,1.0,,A state,1.0
867,0.0,1.0,1.0,0.0,1.0,1.0,0.0,0.0,0.0,0.0,1200,96,Database of Religious History (DRH) [default],South Asia,0.0745158602712624,1.0,0.0,1.0,0.0,0.0,0.0,0.0,0.0,0.0,1.0,0.0,A tribe,0.0
869,0.0,1.0,1.0,1.0,,1.0,,1.0,1.0,1.0,855,1031,Database of Religious History (DRH) [default],East Asia,-0.2467215267713647,1.0,0.0,1.0,1.0,1.0,0.0,1.0,1.0,0.0,1.0,1.0,An empire,1.0
870,0.0,1.0,1.0,0.0,1.0,0.0,0.0,0.0,0.0,0.0,1990,1032,Database of Religious History (DRH) [default],Central Eurasia,0.810102920455829,1.0,0.0,1.0,0.0,1.0,0.0,1.0,1.0,0.0,1.0,0.0,A state,1.0
871,0.0,0.0,0.0,0.0,0.0,0.0,0.0,0.0,0.0,0.0,1848,1033,Database of Religious History (DRH) [default],Europe,0.6778834741948055,1.0,0.0,1.0,0.0,1.0,0.0,1.0,1.0,0.0,1.0,0.0,A state,1.0
877,0.0,0.0,0.0,0.0,0.0,0.0,0.0,0.0,0.0,1.0,1989,1542,Database of Religious History (DRH) [default],Southeast Asia,0.8091717975948358,1.0,0.0,1.0,0.0,0.0,0.0,1.0,1.0,0.0,1.0,0.0,,
879,0.0,0.0,0.0,0.0,0.0,0.0,0.0,0.0,0.0,1.0,1860,1103,Database of Religious History (DRH) [default],Africa,0.6890569485267231,1.0,0.0,1.0,0.0,1.0,0.0,1.0,1.0,0.0,1.0,0.0,A state,1.0
880,1.0,1.0,1.0,1.0,1.0,0.0,1.0,0.0,1.0,0.0,1870,1038,Database of Religious History (DRH) [default],Southwest Asia,0.6983681771366543,1.0,0.0,1.0,0.0,1.0,0.0,1.0,1.0,0.0,1.0,0.0,,
882,0.0,0.0,0.0,0.0,0.0,0.0,0.0,0.0,0.0,0.0,-450,1040,Database of Religious History (DRH) [default],Europe,-1.461836860367389,1.0,0.0,0.0,0.0,0.0,0.0,1.0,1.0,0.0,1.0,0.0,A state,1.0
883,0.0,0.0,0.0,0.0,0.0,0.0,0.0,0.0,0.0,0.0,1949,1132,Database of Religious History (DRH) [default],Central Eurasia,0.7719268831551109,1.0,0.0,1.0,1.0,,1.0,1.0,1.0,0.0,1.0,0.0,A state,1.0
884,0.0,0.0,0.0,0.0,0.0,0.0,0.0,0.0,1.0,0.0,1907,1041,Database of Religious History (DRH) [default],Africa,0.7328197229933998,1.0,0.0,1.0,1.0,1.0,0.0,1.0,1.0,1.0,1.0,0.0,,
885,1.0,1.0,1.0,1.0,1.0,1.0,0.0,1.0,0.0,0.0,1960,1071,Database of Religious History (DRH) [default],Africa,0.7821692346260353,1.0,0.0,1.0,0.0,1.0,0.0,1.0,1.0,0.0,1.0,1.0,,
886,0.0,1.0,1.0,1.0,0.0,0.0,0.0,0.0,0.0,0.0,1990,1042,Database of Religious History (DRH) [default],Europe,0.810102920455829,0.0,0.0,1.0,0.0,0.0,0.0,1.0,0.0,0.0,1.0,0.0,,
887,0.0,1.0,1.0,,0.0,1.0,0.0,0.0,0.0,0.0,1990,1043,Database of Religious History (DRH) [default],Central Eurasia,0.810102920455829,1.0,0.0,1.0,0.0,1.0,0.0,1.0,1.0,0.0,1.0,0.0,A state,1.0
891,0.0,1.0,1.0,1.0,1.0,1.0,0.0,0.0,0.0,1.0,1956,1047,Database of Religious History (DRH) [default],South America,0.7784447431820628,1.0,1.0,1.0,0.0,1.0,0.0,1.0,1.0,1.0,1.0,1.0,A state,1.0
892,0.0,0.0,0.0,0.0,0.0,0.0,0.0,0.0,0.0,0.0,1960,1018,Database of Religious History (DRH) [default],North America,0.7821692346260353,1.0,0.0,1.0,0.0,1.0,0.0,1.0,1.0,0.0,1.0,0.0,A state,1.0
896,0.0,0.0,0.0,0.0,0.0,0.0,0.0,0.0,0.0,,800,1050,Database of Religious History (DRH) [default],East Asia,-0.2979332841259864,1.0,,1.0,1.0,1.0,1.0,1.0,0.0,0.0,1.0,,A state,1.0
897,0.0,1.0,1.0,1.0,1.0,0.0,0.0,0.0,0.0,0.0,1928,717,Database of Religious History (DRH) [default],East Asia,0.7523733030742553,1.0,0.0,1.0,0.0,1.0,0.0,1.0,1.0,0.0,1.0,0.0,A state,1.0
900,1.0,1.0,1.0,1.0,0.0,0.0,0.0,0.0,1.0,,-150,485,Database of Religious History (DRH) [default],Southwest Asia,-1.1825000020694525,1.0,0.0,1.0,1.0,,0.0,1.0,0.0,0.0,,1.0,A state,1.0
906,0.0,0.0,0.0,0.0,0.0,0.0,0.0,0.0,0.0,0.0,1963,725,Database of Religious History (DRH) [default],Europe,0.7849626032090147,1.0,0.0,1.0,1.0,1.0,0.0,1.0,1.0,0.0,1.0,0.0,A state,1.0
910,0.0,0.0,0.0,0.0,0.0,0.0,0.0,0.0,0.0,1.0,1968,1062,Database of Religious History (DRH) [default],North America,0.7896182175139802,1.0,0.0,1.0,0.0,1.0,0.0,1.0,1.0,0.0,1.0,0.0,A state,1.0
914,0.0,1.0,1.0,0.0,0.0,0.0,0.0,0.0,0.0,1.0,1258,1064,Database of Religious History (DRH) [default],Africa,0.1285209862088635,1.0,0.0,1.0,0.0,1.0,0.0,1.0,1.0,0.0,1.0,0.0,,
915,,,,,,,0.0,,0.0,0.0,2000,1065,Database of Religious History (DRH) [default],North America,0.8194141490657602,1.0,0.0,1.0,0.0,1.0,0.0,1.0,1.0,0.0,1.0,0.0,,
918,0.0,0.0,0.0,0.0,0.0,0.0,0.0,0.0,,0.0,-475,10,Database of Religious History (DRH) [default],East Asia,-1.4851149318922172,1.0,0.0,1.0,0.0,,0.0,1.0,1.0,0.0,1.0,0.0,A state,1.0
919,0.0,0.0,0.0,0.0,0.0,0.0,0.0,0.0,0.0,0.0,1995,1068,Database of Religious History (DRH) [default],Europe,0.8147585347607945,1.0,0.0,1.0,1.0,1.0,0.0,1.0,1.0,0.0,1.0,0.0,A state,1.0
921,0.0,1.0,1.0,1.0,0.0,1.0,0.0,1.0,0.0,1.0,1700,1070,Database of Religious History (DRH) [default],South Asia,0.5400772907678235,1.0,0.0,1.0,0.0,1.0,0.0,0.0,1.0,0.0,1.0,0.0,A tribe,0.0
924,1.0,1.0,1.0,1.0,1.0,1.0,0.0,0.0,1.0,1.0,1853,1072,Database of Religious History (DRH) [default],Africa,0.6825390884997712,1.0,1.0,1.0,1.0,0.0,0.0,1.0,1.0,1.0,1.0,1.0,A state,1.0
927,1.0,0.0,1.0,1.0,0.0,0.0,1.0,0.0,1.0,1.0,0,485,Database of Religious History (DRH) [default],Southwest Asia,-1.042831572920484,1.0,0.0,1.0,1.0,0.0,0.0,1.0,0.0,0.0,1.0,0.0,A state,1.0
928,0.0,0.0,0.0,0.0,0.0,0.0,0.0,0.0,0.0,1.0,1860,1075,Database of Religious History (DRH) [default],North America,0.6890569485267231,1.0,0.0,1.0,0.0,0.0,0.0,1.0,1.0,0.0,1.0,0.0,A tribe,0.0
931,0.0,0.0,0.0,0.0,0.0,0.0,0.0,0.0,1.0,1.0,1580,1078,Database of Religious History (DRH) [default],Europe,0.4283425474486488,1.0,0.0,1.0,1.0,0.0,0.0,1.0,1.0,0.0,1.0,0.0,A state,1.0
933,0.0,0.0,0.0,0.0,0.0,0.0,0.0,0.0,0.0,0.0,144,1080,Database of Religious History (DRH) [default],Europe,-0.9087498809374746,1.0,0.0,1.0,0.0,1.0,0.0,1.0,0.0,0.0,1.0,0.0,A tribe,0.0
934,0.0,1.0,1.0,0.0,1.0,0.0,0.0,0.0,1.0,1.0,1911,1081,Database of Religious History (DRH) [default],Central Eurasia,0.7365442144373723,1.0,1.0,1.0,1.0,1.0,1.0,1.0,1.0,1.0,1.0,1.0,A state,1.0
935,0.0,0.0,0.0,0.0,0.0,0.0,0.0,0.0,1.0,0.0,1910,1082,Database of Religious History (DRH) [default],Africa,0.7356130915763792,0.0,0.0,0.0,0.0,0.0,0.0,0.0,0.0,0.0,0.0,1.0,A state,1.0
938,0.0,0.0,0.0,0.0,0.0,0.0,0.0,0.0,1.0,0.0,-1600,1084,Database of Religious History (DRH) [default],Southwest Asia,-2.532628150509479,0.0,0.0,0.0,0.0,1.0,1.0,1.0,0.0,1.0,0.0,1.0,A state,1.0
940,0.0,0.0,0.0,0.0,0.0,0.0,0.0,0.0,1.0,0.0,-31,132,Database of Religious History (DRH) [default],Europe,-1.0716963816112708,1.0,0.0,1.0,0.0,1.0,0.0,0.0,0.0,0.0,1.0,0.0,An empire,1.0
941,0.0,1.0,1.0,1.0,1.0,1.0,1.0,1.0,0.0,1.0,1600,1087,Database of Religious History (DRH) [default],East Asia,0.4469650046685113,1.0,1.0,1.0,0.0,0.0,0.0,1.0,1.0,0.0,1.0,1.0,A state,1.0
942,0.0,0.0,0.0,0.0,0.0,0.0,0.0,0.0,0.0,0.0,1816,1095,Database of Religious History (DRH) [default],Africa,0.6480875426430257,1.0,0.0,1.0,1.0,1.0,0.0,1.0,1.0,0.0,1.0,0.0,,
943,0.0,0.0,0.0,0.0,0.0,0.0,0.0,0.0,1.0,1.0,1752,1091,Database of Religious History (DRH) [default],North America,0.5884956795394659,1.0,0.0,1.0,0.0,0.0,0.0,1.0,1.0,0.0,1.0,1.0,A state,1.0
944,0.0,0.0,0.0,0.0,0.0,0.0,0.0,0.0,1.0,1.0,1620,1101,Database of Religious History (DRH) [default],Europe,0.4655874618883737,1.0,0.0,1.0,0.0,1.0,0.0,1.0,1.0,0.0,1.0,0.0,A state,1.0
946,0.0,0.0,0.0,0.0,0.0,0.0,0.0,0.0,1.0,1.0,700,1129,Database of Religious History (DRH) [default],South Asia,-0.3910455702252986,1.0,0.0,1.0,0.0,0.0,1.0,1.0,1.0,0.0,1.0,1.0,A state,1.0
948,,,,,,,0.0,,0.0,,120,1094,Database of Religious History (DRH) [default],Southwest Asia,-0.9310968296013096,1.0,0.0,1.0,0.0,,0.0,1.0,1.0,0.0,1.0,,An empire,1.0
949,0.0,0.0,0.0,0.0,0.0,0.0,0.0,0.0,0.0,0.0,1963,1096,Database of Religious History (DRH) [default],North America,0.7849626032090147,1.0,0.0,1.0,0.0,1.0,0.0,1.0,1.0,0.0,1.0,0.0,An empire,1.0
950,0.0,0.0,0.0,0.0,0.0,0.0,0.0,0.0,0.0,1.0,1652,1125,Database of Religious History (DRH) [default],Africa,0.4953833934401536,1.0,0.0,1.0,0.0,0.0,0.0,1.0,1.0,0.0,1.0,1.0,,
952,1.0,0.0,1.0,1.0,0.0,0.0,0.0,0.0,0.0,0.0,1980,1104,Database of Religious History (DRH) [default],Southwest Asia,0.8007916918458977,1.0,0.0,1.0,0.0,1.0,0.0,1.0,1.0,0.0,1.0,0.0,A state,1.0
953,0.0,0.0,0.0,0.0,0.0,0.0,0.0,0.0,0.0,1.0,1975,1140,Database of Religious History (DRH) [default],South Asia,0.7961360775409321,1.0,0.0,1.0,0.0,1.0,0.0,1.0,1.0,0.0,1.0,0.0,,
957,0.0,0.0,0.0,0.0,0.0,0.0,0.0,0.0,0.0,0.0,-800,1142,Database of Religious History (DRH) [default],Europe,-1.7877298617149815,1.0,1.0,1.0,0.0,1.0,0.0,1.0,,0.0,1.0,,A state,1.0
958,0.0,0.0,0.0,0.0,0.0,0.0,0.0,0.0,1.0,1.0,1540,498,Database of Religious History (DRH) [default],Europe,0.391097633008924,1.0,1.0,1.0,0.0,0.0,0.0,0.0,0.0,0.0,1.0,1.0,,
960,0.0,0.0,0.0,0.0,0.0,0.0,0.0,0.0,0.0,1.0,1000,1107,Database of Religious History (DRH) [default],South Asia,-0.1117087119273619,1.0,0.0,1.0,0.0,0.0,0.0,1.0,1.0,0.0,1.0,0.0,,
961,0.0,0.0,0.0,0.0,0.0,0.0,0.0,0.0,0.0,0.0,1885,1108,Database of Religious History (DRH) [default],Europe,0.7123350200515511,1.0,0.0,1.0,0.0,1.0,0.0,1.0,1.0,0.0,1.0,0.0,A state,1.0
962,0.0,1.0,1.0,1.0,1.0,1.0,0.0,0.0,1.0,1.0,1400,1109,Database of Religious History (DRH) [default],East Asia,0.2607404324698869,1.0,1.0,1.0,1.0,1.0,1.0,1.0,1.0,1.0,1.0,1.0,A chiefdom,0.0
963,0.0,1.0,1.0,1.0,1.0,1.0,0.0,0.0,1.0,0.0,1119,1110,Database of Religious History (DRH) [default],Europe,-0.0009050914691804,1.0,0.0,0.0,1.0,0.0,1.0,1.0,0.0,0.0,0.0,1.0,,
964,0.0,0.0,0.0,0.0,0.0,0.0,0.0,0.0,,0.0,1800,1111,Database of Religious History (DRH) [default],South Asia,0.6331895768671357,1.0,0.0,1.0,0.0,1.0,0.0,1.0,1.0,0.0,1.0,0.0,A state,1.0
966,1.0,1.0,1.0,1.0,1.0,0.0,0.0,0.0,1.0,1.0,1318,1113,Database of Religious History (DRH) [default],Central Eurasia,0.1843883578684508,1.0,0.0,1.0,1.0,1.0,0.0,0.0,1.0,0.0,1.0,0.0,,
967,0.0,0.0,0.0,0.0,0.0,0.0,0.0,0.0,0.0,,1825,1123,Database of Religious History (DRH) [default],Europe,0.6564676483919638,1.0,0.0,1.0,0.0,1.0,0.0,1.0,1.0,0.0,1.0,0.0,,
969,0.0,0.0,0.0,0.0,0.0,0.0,0.0,0.0,0.0,0.0,1891,1117,Database of Religious History (DRH) [default],South Asia,0.7179217572175098,1.0,1.0,1.0,0.0,0.0,0.0,0.0,1.0,0.0,1.0,0.0,,
971,0.0,0.0,1.0,0.0,0.0,0.0,1.0,1.0,1.0,1.0,500,1135,Database of Religious History (DRH) [default],South Asia,-0.577270142423923,1.0,0.0,1.0,0.0,0.0,0.0,1.0,1.0,0.0,1.0,0.0,,
972,0.0,0.0,0.0,0.0,0.0,0.0,0.0,0.0,1.0,0.0,431,1121,Database of Religious History (DRH) [default],Southwest Asia,-0.6415176198324485,0.0,0.0,1.0,1.0,1.0,0.0,1.0,1.0,0.0,,0.0,An empire,1.0
973,0.0,1.0,1.0,1.0,1.0,1.0,0.0,1.0,1.0,1.0,1845,1136,Database of Religious History (DRH) [default],South Asia,0.6750901056118263,1.0,1.0,1.0,1.0,1.0,0.0,1.0,1.0,0.0,0.0,1.0,A chiefdom,0.0
974,0.0,0.0,0.0,0.0,0.0,0.0,0.0,0.0,1.0,1.0,1204,1124,Database of Religious History (DRH) [default],Southwest Asia,0.0782403517152349,1.0,1.0,1.0,1.0,1.0,0.0,1.0,0.0,0.0,1.0,1.0,An empire,1.0
975,0.0,0.0,0.0,0.0,0.0,0.0,0.0,0.0,0.0,0.0,1980,1018,Database of Religious History (DRH) [default],North America,0.8007916918458977,1.0,0.0,1.0,0.0,1.0,0.0,1.0,1.0,0.0,1.0,0.0,A state,1.0
976,0.0,0.0,0.0,0.0,0.0,0.0,0.0,0.0,0.0,0.0,1187,1133,Database of Religious History (DRH) [default],South Asia,0.0624112630783518,1.0,0.0,1.0,0.0,1.0,0.0,1.0,0.0,0.0,1.0,0.0,A tribe,0.0
978,0.0,0.0,0.0,0.0,0.0,0.0,0.0,0.0,0.0,1.0,1500,1053,Database of Religious History (DRH) [default],Southeast Asia,0.3538527185691991,1.0,0.0,1.0,1.0,1.0,0.0,1.0,1.0,0.0,1.0,0.0,A state,1.0
980,0.0,0.0,0.0,0.0,0.0,0.0,0.0,0.0,0.0,1.0,1175,1141,Database of Religious History (DRH) [default],East Asia,0.0512377887464344,1.0,,1.0,0.0,1.0,0.0,1.0,1.0,0.0,,,A band,0.0
982,1.0,,1.0,1.0,,,1.0,0.0,1.0,1.0,-499,1138,Database of Religious History (DRH) [default],Southwest Asia,-1.507461880556052,1.0,,1.0,1.0,,,1.0,,0.0,1.0,,A state,1.0
983,0.0,0.0,0.0,0.0,0.0,0.0,1.0,0.0,0.0,1.0,600,1107,Database of Religious History (DRH) [default],South Asia,-0.4841578563246108,1.0,1.0,1.0,1.0,1.0,0.0,1.0,1.0,0.0,1.0,1.0,,
984,0.0,0.0,0.0,0.0,0.0,0.0,0.0,0.0,0.0,1.0,1520,1139,Database of Religious History (DRH) [default],Europe,0.3724751757890615,1.0,1.0,1.0,1.0,1.0,0.0,1.0,1.0,0.0,1.0,1.0,A state,1.0
985,0.0,0.0,0.0,0.0,0.0,0.0,0.0,0.0,0.0,1.0,1108,1143,Database of Religious History (DRH) [default],Europe,-0.0111474429401047,1.0,0.0,1.0,1.0,0.0,0.0,0.0,0.0,0.0,1.0,1.0,A state,1.0
986,0.0,0.0,0.0,0.0,0.0,0.0,0.0,0.0,0.0,1.0,150,1144,Database of Religious History (DRH) [default],Europe,-0.9031631437715156,1.0,0.0,1.0,0.0,0.0,0.0,1.0,1.0,0.0,1.0,0.0,An empire,1.0
987,0.0,0.0,0.0,0.0,0.0,0.0,0.0,0.0,0.0,0.0,1600,1145,Database of Religious History (DRH) [default],South Asia,0.4469650046685113,1.0,1.0,1.0,0.0,1.0,0.0,1.0,1.0,0.0,1.0,0.0,A state,1.0
988,0.0,0.0,0.0,0.0,0.0,0.0,0.0,0.0,0.0,0.0,1832,1146,Database of Religious History (DRH) [default],North America,0.6629855084189157,1.0,0.0,1.0,0.0,1.0,0.0,1.0,1.0,0.0,1.0,0.0,A state,1.0
989,0.0,0.0,0.0,0.0,0.0,0.0,0.0,0.0,0.0,0.0,1928,1147,Database of Religious History (DRH) [default],Europe,0.7523733030742553,1.0,1.0,1.0,1.0,1.0,0.0,1.0,1.0,0.0,1.0,0.0,,
991,0.0,0.0,0.0,0.0,0.0,0.0,0.0,0.0,0.0,0.0,1944,1149,Database of Religious History (DRH) [default],North America,0.7672712688501453,0.0,0.0,0.0,0.0,0.0,0.0,0.0,0.0,0.0,0.0,0.0,,
993,0.0,0.0,0.0,0.0,0.0,0.0,0.0,0.0,1.0,1.0,-712,872,Database of Religious History (DRH) [default],Europe,-1.705791049947587,1.0,1.0,1.0,1.0,1.0,0.0,1.0,0.0,1.0,0.0,1.0,,
994,0.0,1.0,1.0,1.0,0.0,0.0,0.0,0.0,1.0,1.0,330,1150,Database of Religious History (DRH) [default],Africa,-0.7355610287927538,1.0,0.0,1.0,0.0,0.0,0.0,1.0,1.0,0.0,1.0,0.0,An empire,1.0
997,0.0,0.0,0.0,0.0,0.0,0.0,0.0,0.0,1.0,0.0,-2950,535,Database of Religious History (DRH) [default],Africa,-3.7896440128501943,,0.0,0.0,0.0,0.0,0.0,0.0,0.0,0.0,1.0,,A state,1.0
1004,0.0,0.0,0.0,0.0,0.0,0.0,0.0,0.0,1.0,0.0,-200,1158,Database of Religious History (DRH) [default],Europe,-1.2290561451191084,1.0,0.0,1.0,0.0,1.0,0.0,1.0,0.0,0.0,1.0,0.0,An empire,1.0
1006,0.0,0.0,0.0,0.0,0.0,0.0,0.0,0.0,1.0,0.0,-2670,535,Database of Religious History (DRH) [default],Africa,-3.5289296117721203,1.0,0.0,0.0,0.0,1.0,0.0,1.0,0.0,0.0,1.0,0.0,A state,1.0
1010,,,,,,,0.0,,0.0,1.0,-530,1163,Database of Religious History (DRH) [default],Europe,-1.5363266892468388,1.0,0.0,1.0,0.0,0.0,0.0,1.0,1.0,0.0,0.0,0.0,A band,0.0
1011,1.0,,1.0,1.0,,,,,1.0,,-800,1208,Database of Religious History (DRH) [default],Southwest Asia,-1.7877298617149815,,,,,,0.0,,,0.0,,,A state,1.0
1013,1.0,1.0,1.0,1.0,1.0,1.0,1.0,0.0,1.0,0.0,1510,1165,Database of Religious History (DRH) [default],South Asia,0.3631639471791303,1.0,0.0,1.0,0.0,1.0,0.0,1.0,1.0,0.0,1.0,0.0,A band,0.0
1028,1.0,0.0,1.0,1.0,0.0,,0.0,0.0,1.0,1.0,1100,1173,Database of Religious History (DRH) [default],Europe,-0.0185964258280497,1.0,1.0,1.0,1.0,0.0,0.0,0.0,0.0,0.0,1.0,1.0,,
1037,1.0,1.0,1.0,1.0,1.0,1.0,0.0,0.0,1.0,1.0,-1100,535,Database of Religious History (DRH) [default],Africa,-2.0670667200129182,1.0,0.0,1.0,0.0,1.0,0.0,1.0,1.0,0.0,1.0,0.0,A state,1.0
1038,1.0,1.0,1.0,1.0,1.0,0.0,0.0,0.0,0.0,1.0,1644,1183,Database of Religious History (DRH) [default],East Asia,0.4879344105522087,1.0,0.0,1.0,0.0,1.0,0.0,1.0,1.0,0.0,1.0,0.0,An empire,1.0
1041,0.0,0.0,0.0,0.0,0.0,0.0,0.0,0.0,0.0,0.0,1600,1188,Database of Religious History (DRH) [default],East Asia,0.4469650046685113,1.0,1.0,1.0,1.0,1.0,0.0,1.0,1.0,0.0,1.0,1.0,A state,1.0
1043,1.0,1.0,1.0,1.0,0.0,0.0,1.0,0.0,1.0,1.0,1500,1187,Database of Religious History (DRH) [default],Southeast Asia,0.3538527185691991,1.0,1.0,1.0,1.0,1.0,0.0,1.0,1.0,1.0,1.0,1.0,A state,1.0
1044,0.0,0.0,0.0,0.0,0.0,0.0,0.0,0.0,0.0,0.0,-141,89,Database of Religious History (DRH) [default],East Asia,-1.1741198963205144,1.0,0.0,1.0,0.0,1.0,0.0,1.0,1.0,0.0,1.0,1.0,A state,1.0
1051,,,,,,,0.0,,1.0,0.0,-1960,1296,Database of Religious History (DRH) [default],Africa,-2.8678323804670036,1.0,1.0,1.0,,,0.0,0.0,0.0,0.0,0.0,,A state,1.0
1060,0.0,0.0,0.0,0.0,0.0,0.0,0.0,0.0,0.0,0.0,1500,1225,Database of Religious History (DRH) [default],East Asia,0.3538527185691991,1.0,0.0,1.0,0.0,1.0,0.0,1.0,0.0,0.0,1.0,0.0,An empire,1.0
1069,,1.0,1.0,1.0,1.0,1.0,,1.0,0.0,0.0,-1504,1207,Database of Religious History (DRH) [default],Africa,-2.44324035585414,1.0,1.0,1.0,1.0,,0.0,1.0,1.0,1.0,1.0,1.0,An empire,1.0
1071,0.0,0.0,0.0,0.0,0.0,0.0,0.0,0.0,0.0,0.0,2001,1435,Database of Religious History (DRH) [default],Africa,0.8203452719267533,1.0,0.0,1.0,0.0,,0.0,1.0,,0.0,1.0,0.0,,
1076,0.0,1.0,1.0,1.0,1.0,1.0,0.0,0.0,1.0,1.0,1560,1166,Database of Religious History (DRH) [default],South Asia,0.4097200902287864,1.0,1.0,1.0,1.0,0.0,0.0,1.0,1.0,1.0,1.0,1.0,An empire,1.0
1083,0.0,1.0,1.0,0.0,1.0,0.0,0.0,0.0,0.0,0.0,1625,1227,Database of Religious History (DRH) [default],South Asia,0.4702430761933394,1.0,0.0,1.0,1.0,1.0,0.0,1.0,1.0,0.0,1.0,0.0,A state,1.0
1087,0.0,0.0,0.0,0.0,0.0,0.0,0.0,0.0,1.0,1.0,969,1224,Database of Religious History (DRH) [default],Europe,-0.1405735206181487,1.0,0.0,1.0,0.0,0.0,0.0,1.0,1.0,0.0,1.0,,An empire,1.0
1127,0.0,0.0,0.0,0.0,0.0,0.0,0.0,0.0,0.0,0.0,1890,1271,Database of Religious History (DRH) [default],East Asia,0.7169906343565168,1.0,0.0,1.0,1.0,1.0,0.0,1.0,1.0,0.0,1.0,0.0,A state,1.0
1129,0.0,0.0,0.0,0.0,0.0,0.0,0.0,0.0,1.0,1.0,-700,1274,Database of Religious History (DRH) [default],Europe,-1.6946175756156696,1.0,1.0,1.0,0.0,1.0,0.0,1.0,,0.0,1.0,0.0,,
1134,0.0,1.0,1.0,1.0,1.0,1.0,1.0,1.0,0.0,0.0,538,1278,Database of Religious History (DRH) [default],East Asia,-0.5418874737061844,1.0,0.0,1.0,1.0,1.0,0.0,1.0,1.0,0.0,1.0,1.0,A state,1.0
1136,,,,,,,0.0,,0.0,0.0,1910,1280,Database of Religious History (DRH) [default],East Asia,0.7356130915763792,0.0,0.0,0.0,0.0,0.0,1.0,0.0,0.0,0.0,0.0,0.0,A state,1.0
1140,0.0,0.0,0.0,0.0,0.0,0.0,0.0,0.0,0.0,1.0,220,1373,Database of Religious History (DRH) [default],East Asia,-0.8379845435019972,1.0,0.0,1.0,0.0,1.0,0.0,1.0,1.0,0.0,1.0,0.0,An empire,1.0
1154,0.0,0.0,0.0,0.0,0.0,0.0,0.0,0.0,0.0,0.0,1500,1299,Database of Religious History (DRH) [default],East Asia,0.3538527185691991,1.0,0.0,1.0,0.0,1.0,0.0,1.0,1.0,0.0,1.0,0.0,An empire,1.0
1162,0.0,0.0,0.0,0.0,0.0,0.0,,0.0,0.0,0.0,400,1307,Database of Religious History (DRH) [default],East Asia,-0.6703824285232353,1.0,0.0,1.0,0.0,0.0,0.0,0.0,1.0,0.0,1.0,0.0,An empire,1.0
1172,0.0,1.0,1.0,,1.0,1.0,0.0,0.0,0.0,0.0,500,1317,Database of Religious History (DRH) [default],East Asia,-0.577270142423923,1.0,0.0,1.0,0.0,0.0,0.0,1.0,1.0,0.0,1.0,0.0,An empire,1.0
1178,0.0,0.0,0.0,0.0,0.0,0.0,0.0,0.0,0.0,0.0,1997,1322,Database of Religious History (DRH) [default],South America,0.8166207804827808,1.0,0.0,1.0,0.0,,0.0,1.0,1.0,0.0,1.0,0.0,,
1180,0.0,1.0,1.0,1.0,0.0,1.0,0.0,1.0,1.0,1.0,1600,1325,Database of Religious History (DRH) [default],Southeast Asia,0.4469650046685113,1.0,0.0,1.0,0.0,1.0,1.0,1.0,1.0,0.0,1.0,1.0,A state,1.0
1191,1.0,,1.0,1.0,,,,,0.0,1.0,-300,1335,Database of Religious History (DRH) [default],Africa,-1.3221684312184208,1.0,0.0,1.0,0.0,0.0,0.0,1.0,1.0,,1.0,0.0,An empire,1.0
1192,0.0,1.0,1.0,1.0,1.0,1.0,0.0,1.0,1.0,1.0,1945,1336,Database of Religious History (DRH) [default],Southeast Asia,0.7682023917111385,1.0,1.0,1.0,0.0,1.0,0.0,1.0,1.0,0.0,1.0,0.0,A state,1.0
1196,,,,,,,0.0,,0.0,0.0,1910,1343,eHRAF,North America,0.7356130915763792,,1.0,,,,,,,1.0,,,A chiefdom,0.0
1199,1.0,1.0,1.0,,1.0,1.0,,1.0,1.0,1.0,1905,1345,eHRAF,Africa,0.7309574772714136,,0.0,,0.0,,,,,0.0,,0.0,A chiefdom,0.0
1210,,,,,,,0.0,,1.0,1.0,1920,1355,eHRAF,Africa,0.7449243201863104,1.0,1.0,,,,,,,0.0,,,A chiefdom,0.0
1220,0.0,0.0,0.0,0.0,0.0,0.0,0.0,0.0,1.0,1.0,1227,1409,Database of Religious History (DRH) [default],Central Eurasia,0.0996561775180767,1.0,,1.0,0.0,1.0,,1.0,1.0,0.0,1.0,,A state,1.0
1223,,,1.0,,,,,,0.0,0.0,1885,1370,eHRAF,South Asia,0.7123350200515511,,,,,,,,,0.0,,,A chiefdom,0.0
1227,,,,,,,0.0,,1.0,1.0,-800,1376,Database of Religious History (DRH) [default],Africa,-1.7877298617149815,1.0,1.0,1.0,1.0,1.0,,1.0,,,1.0,1.0,A state,1.0
1229,0.0,0.0,0.0,0.0,0.0,0.0,0.0,0.0,0.0,0.0,1950,1132,Database of Religious History (DRH) [default],Central Eurasia,0.7728580060161041,1.0,0.0,1.0,0.0,0.0,0.0,1.0,1.0,0.0,1.0,0.0,A state,1.0
1231,0.0,1.0,1.0,0.0,1.0,1.0,0.0,0.0,0.0,0.0,1100,1248,Database of Religious History (DRH) [default],East Asia,-0.0185964258280497,1.0,0.0,1.0,,1.0,0.0,1.0,1.0,0.0,1.0,,A state,1.0
1234,,,1.0,,1.0,,0.0,,1.0,0.0,1880,1382,eHRAF,Africa,0.7076794057465855,,,,,,,,,0.0,,,A chiefdom,0.0
1241,0.0,0.0,0.0,0.0,0.0,0.0,0.0,0.0,0.0,1.0,1837,1388,Database of Religious History (DRH) [default],East Asia,0.6676411227238812,0.0,1.0,0.0,1.0,0.0,1.0,1.0,0.0,1.0,0.0,1.0,An empire,1.0
1246,,,,,,,0.0,,1.0,1.0,1895,1392,eHRAF,Africa,0.7216462486614823,,,,,,,,,0.0,,,A chiefdom,0.0
1247,1.0,0.0,1.0,1.0,0.0,0.0,0.0,0.0,0.0,,1885,1393,Database of Religious History (DRH) [default],North America,0.7123350200515511,,,,1.0,0.0,1.0,0.0,1.0,,,,A state,1.0
1248,0.0,0.0,0.0,0.0,0.0,0.0,0.0,0.0,0.0,0.0,-1972,1394,Database of Religious History (DRH) [default],Southwest Asia,-2.879005854798921,1.0,1.0,,0.0,0.0,1.0,0.0,0.0,0.0,1.0,0.0,A state,1.0
1249,0.0,0.0,0.0,0.0,0.0,0.0,0.0,0.0,0.0,0.0,-294,1395,Database of Religious History (DRH) [default],Europe,-1.316581694052462,1.0,,1.0,,1.0,0.0,1.0,1.0,0.0,,,A state,1.0
1250,1.0,1.0,1.0,1.0,1.0,1.0,0.0,0.0,0.0,1.0,850,1396,Database of Religious History (DRH) [default],Southwest Asia,-0.2513771410763303,1.0,1.0,1.0,1.0,1.0,0.0,1.0,1.0,0.0,1.0,1.0,,
1258,1.0,0.0,1.0,1.0,0.0,0.0,1.0,0.0,1.0,1.0,-1000,1404,Database of Religious History (DRH) [default],Southwest Asia,-1.973954433913606,1.0,0.0,0.0,1.0,0.0,1.0,1.0,0.0,0.0,0.0,0.0,A chiefdom,0.0
1259,0.0,0.0,0.0,0.0,0.0,0.0,0.0,0.0,0.0,0.0,1200,2149,Database of Religious History (DRH) [default],Central Eurasia,0.0745158602712624,0.0,0.0,1.0,0.0,1.0,0.0,1.0,0.0,0.0,1.0,1.0,An empire,1.0
1268,1.0,,1.0,,,,1.0,1.0,1.0,1.0,360,1414,Database of Religious History (DRH) [default],Southwest Asia,-0.7076273429629601,1.0,,,,,1.0,,,,1.0,1.0,An empire,1.0
1279,1.0,1.0,1.0,1.0,0.0,,0.0,0.0,1.0,1.0,1593,1424,Database of Religious History (DRH) [default],Southeast Asia,0.4404471446415594,1.0,,1.0,1.0,1.0,0.0,1.0,1.0,0.0,1.0,1.0,A chiefdom,0.0
1281,,,1.0,1.0,,1.0,1.0,1.0,1.0,1.0,1910,1428,eHRAF,Africa,0.7356130915763792,1.0,1.0,1.0,1.0,1.0,,,1.0,0.0,1.0,1.0,A tribe,0.0
1283,1.0,,1.0,1.0,,,0.0,0.0,1.0,0.0,1500,1431,Database of Religious History (DRH) [default],Southeast Asia,0.3538527185691991,1.0,,1.0,,1.0,0.0,0.0,1.0,0.0,1.0,,,
1289,1.0,0.0,1.0,1.0,0.0,0.0,0.0,0.0,1.0,0.0,1500,1437,Database of Religious History (DRH) [default],Southeast Asia,0.3538527185691991,1.0,0.0,1.0,1.0,1.0,0.0,1.0,1.0,0.0,1.0,0.0,,
1291,,,,,,,0.0,,0.0,0.0,-400,1439,Database of Religious History (DRH) [default],East Asia,-1.4152807173177329,,,,,,,,,,,,,
1295,0.0,0.0,0.0,0.0,0.0,0.0,0.0,0.0,1.0,1.0,311,1446,Database of Religious History (DRH) [default],Africa,-0.7532523631516231,1.0,1.0,1.0,0.0,0.0,0.0,1.0,1.0,0.0,1.0,0.0,An empire,1.0
1299,,,,,,,0.0,,1.0,1.0,1940,1449,eHRAF,Central Eurasia,0.7635467774061728,,,1.0,,1.0,,1.0,1.0,,,,A state,1.0
1300,0.0,0.0,0.0,0.0,0.0,0.0,0.0,0.0,1.0,1.0,1990,1450,Database of Religious History (DRH) [default],North America,0.810102920455829,1.0,0.0,1.0,0.0,1.0,0.0,1.0,1.0,0.0,1.0,0.0,A state,1.0
1303,0.0,0.0,0.0,0.0,0.0,0.0,0.0,0.0,0.0,0.0,-1400,1564,Database of Religious History (DRH) [default],Southwest Asia,-2.346403578310855,,,,,,0.0,1.0,0.0,0.0,,,,
1304,0.0,0.0,0.0,0.0,0.0,0.0,0.0,0.0,0.0,0.0,1875,1600,Database of Religious History (DRH) [default],North America,0.7030237914416199,1.0,0.0,1.0,0.0,1.0,0.0,0.0,0.0,0.0,0.0,0.0,A tribe,0.0
1307,0.0,0.0,0.0,0.0,0.0,0.0,0.0,0.0,0.0,0.0,1845,1538,Database of Religious History (DRH) [default],North America,0.6750901056118263,1.0,0.0,1.0,0.0,1.0,0.0,1.0,1.0,0.0,1.0,0.0,,
1311,0.0,1.0,1.0,1.0,1.0,0.0,0.0,0.0,0.0,1.0,1870,1460,Database of Religious History (DRH) [default],North America,0.6983681771366543,1.0,1.0,1.0,0.0,0.0,0.0,1.0,1.0,0.0,1.0,1.0,,
1321,1.0,1.0,1.0,1.0,1.0,0.0,0.0,0.0,,0.0,1853,382,Database of Religious History (DRH) [default],Africa,0.6825390884997712,0.0,1.0,1.0,1.0,1.0,0.0,1.0,1.0,1.0,1.0,1.0,A state,1.0
1323,0.0,,1.0,,1.0,1.0,0.0,,1.0,0.0,1910,1470,eHRAF,Africa,0.7356130915763792,,0.0,,,,,,,0.0,,0.0,A tribe,0.0
1333,0.0,0.0,0.0,0.0,0.0,0.0,0.0,0.0,0.0,0.0,150,1487,Database of Religious History (DRH) [default],Europe,-0.9031631437715156,1.0,0.0,1.0,0.0,1.0,0.0,1.0,1.0,0.0,1.0,0.0,,
1335,0.0,1.0,1.0,0.0,1.0,0.0,0.0,0.0,0.0,0.0,1575,991,Database of Religious History (DRH) [default],Europe,0.4236869331436833,0.0,0.0,0.0,0.0,0.0,0.0,1.0,0.0,0.0,0.0,0.0,A state,1.0
1337,,,,,,,0.0,,1.0,0.0,-1200,1488,Database of Religious History (DRH) [default],Southwest Asia,-2.1601790061122306,1.0,,,,,,1.0,1.0,,,1.0,A state,1.0
1340,0.0,1.0,1.0,1.0,,0.0,0.0,0.0,0.0,0.0,1957,1493,Database of Religious History (DRH) [default],Europe,0.7793758660430559,0.0,0.0,0.0,0.0,0.0,0.0,0.0,0.0,0.0,0.0,0.0,A state,1.0
1344,0.0,0.0,0.0,0.0,0.0,0.0,0.0,0.0,0.0,0.0,1840,1497,Database of Religious History (DRH) [default],East Asia,0.6704344913068606,1.0,0.0,1.0,0.0,0.0,0.0,1.0,1.0,0.0,1.0,0.0,,
1348,0.0,0.0,0.0,0.0,0.0,0.0,0.0,0.0,1.0,1.0,2012,1502,Database of Religious History (DRH) [default],Southwest Asia,0.8305876233976777,1.0,0.0,0.0,0.0,0.0,0.0,1.0,1.0,0.0,0.0,0.0,,
1349,0.0,0.0,0.0,0.0,0.0,0.0,0.0,0.0,1.0,1.0,1124,1503,Database of Religious History (DRH) [default],Central Eurasia,0.0037505228357851,1.0,0.0,1.0,0.0,1.0,0.0,1.0,1.0,0.0,1.0,,A state,1.0
1352,0.0,0.0,0.0,0.0,0.0,0.0,0.0,0.0,0.0,0.0,2,1505,Database of Religious History (DRH) [default],South Asia,-1.040969327198498,1.0,0.0,1.0,0.0,0.0,0.0,1.0,1.0,0.0,1.0,0.0,,
1369,,,,,,,0.0,,0.0,0.0,-750,1524,Database of Religious History (DRH) [default],Southwest Asia,-1.7411737186653258,0.0,0.0,0.0,0.0,0.0,0.0,,0.0,0.0,0.0,0.0,An empire,1.0
1370,1.0,1.0,1.0,1.0,1.0,1.0,1.0,1.0,1.0,,1935,1525,eHRAF,Africa,0.7588911631012072,1.0,1.0,1.0,1.0,1.0,0.0,,,0.0,1.0,,A tribe,0.0
1371,1.0,1.0,1.0,1.0,1.0,1.0,1.0,0.0,1.0,0.0,1979,1526,Database of Religious History (DRH) [default],Southwest Asia,0.7998605689849047,1.0,0.0,1.0,1.0,1.0,0.0,1.0,1.0,0.0,1.0,0.0,A state,1.0
1374,0.0,0.0,1.0,0.0,0.0,0.0,0.0,0.0,1.0,1.0,1560,1527,Database of Religious History (DRH) [default],Europe,0.4097200902287864,1.0,0.0,1.0,0.0,1.0,0.0,1.0,0.0,0.0,1.0,0.0,An empire,1.0
1376,0.0,1.0,1.0,1.0,1.0,0.0,0.0,0.0,0.0,0.0,1900,1529,Database of Religious History (DRH) [default],Africa,0.7263018629664479,1.0,0.0,1.0,0.0,,0.0,0.0,,0.0,1.0,0.0,,
1386,0.0,0.0,0.0,0.0,0.0,0.0,0.0,0.0,0.0,0.0,1807,1541,Mapping Religious Diversity in Modern Sichuan,East Asia,0.6397074368940876,1.0,0.0,1.0,0.0,,0.0,1.0,,0.0,1.0,0.0,A state,1.0
1390,,1.0,1.0,1.0,1.0,1.0,0.0,1.0,1.0,0.0,1855,1545,eHRAF,North America,0.6844013342217574,,,,0.0,,,1.0,,0.0,,,A band,0.0
1392,0.0,0.0,0.0,0.0,0.0,0.0,0.0,0.0,0.0,0.0,360,1549,Database of Religious History (DRH) [default],Southwest Asia,-0.7076273429629601,0.0,0.0,0.0,0.0,0.0,0.0,0.0,0.0,0.0,0.0,,,
1396,0.0,0.0,0.0,0.0,0.0,0.0,0.0,0.0,0.0,1.0,-304,1551,Database of Religious History (DRH) [default],Africa,-1.3258929226623932,1.0,1.0,1.0,1.0,1.0,0.0,1.0,1.0,0.0,1.0,0.0,A state,1.0
1397,0.0,0.0,0.0,0.0,0.0,0.0,,0.0,1.0,1.0,400,1552,Database of Religious History (DRH) [default],North America,-0.6703824285232353,0.0,0.0,0.0,0.0,0.0,1.0,0.0,0.0,0.0,,,,
1400,0.0,1.0,1.0,1.0,1.0,0.0,0.0,0.0,1.0,1.0,300,1555,Database of Religious History (DRH) [default],East Asia,-0.7634947146225475,0.0,0.0,1.0,1.0,0.0,0.0,1.0,0.0,0.0,0.0,0.0,A state,1.0
1409,,,,,,,1.0,,0.0,1.0,-1500,1565,Database of Religious History (DRH) [default],North America,-2.439515864410167,,,,,0.0,0.0,0.0,0.0,0.0,,,A chiefdom,0.0
1412,0.0,0.0,0.0,0.0,0.0,0.0,0.0,0.0,0.0,0.0,1838,1568,Database of Religious History (DRH) [default],Central Eurasia,0.6685722455848744,1.0,0.0,1.0,0.0,1.0,0.0,1.0,1.0,0.0,0.0,0.0,A state,1.0
1415,0.0,0.0,0.0,0.0,0.0,0.0,0.0,0.0,1.0,1.0,350,1573,Database of Religious History (DRH) [default],Europe,-0.7169385715728913,,0.0,1.0,0.0,1.0,0.0,0.0,,0.0,1.0,0.0,An empire,1.0
1419,1.0,1.0,1.0,1.0,1.0,0.0,0.0,,1.0,,-1550,1577,Database of Religious History (DRH) [default],Africa,-2.4860720074598235,1.0,0.0,1.0,0.0,1.0,0.0,1.0,0.0,0.0,1.0,0.0,A state,1.0
1420,,,1.0,1.0,1.0,,0.0,,1.0,1.0,1785,1578,eHRAF,North America,0.6192227339522389,,1.0,,1.0,,1.0,,,1.0,,1.0,A chiefdom,0.0
1426,1.0,0.0,1.0,0.0,0.0,0.0,0.0,0.0,1.0,1.0,1580,1583,Database of Religious History (DRH) [default],East Asia,0.4283425474486488,1.0,,1.0,1.0,,0.0,1.0,1.0,,1.0,1.0,A state,1.0
1433,0.0,0.0,0.0,0.0,0.0,0.0,0.0,0.0,0.0,0.0,250,1588,Database of Religious History (DRH) [default],Europe,-0.8100508576722035,,0.0,1.0,0.0,,0.0,,,0.0,0.0,1.0,An empire,1.0
1434,0.0,1.0,1.0,1.0,1.0,1.0,1.0,1.0,1.0,1.0,1912,1589,eHRAF,South America,0.7374753372983655,,0.0,,0.0,,,,,1.0,,0.0,A tribe,0.0
1436,0.0,0.0,0.0,0.0,0.0,0.0,0.0,0.0,0.0,1.0,320,1593,Database of Religious History (DRH) [default],Southwest Asia,-0.744872257402685,,0.0,,0.0,0.0,0.0,0.0,,0.0,,0.0,An empire,1.0
1441,0.0,1.0,1.0,1.0,1.0,1.0,1.0,0.0,1.0,1.0,1325,585,Database of Religious History (DRH) [default],North America,0.1909062178954027,0.0,1.0,0.0,1.0,0.0,,0.0,0.0,0.0,0.0,1.0,An empire,1.0
1450,,1.0,1.0,,1.0,1.0,1.0,1.0,1.0,1.0,1855,1607,eHRAF,South America,0.6844013342217574,,,,,,,,,0.0,,,A band,0.0
1454,0.0,0.0,0.0,0.0,0.0,0.0,0.0,0.0,0.0,0.0,1337,1612,Database of Religious History (DRH) [default],Europe,0.2020796922273202,1.0,1.0,1.0,0.0,1.0,0.0,1.0,,0.0,1.0,,An empire,1.0
1468,0.0,0.0,0.0,0.0,0.0,0.0,0.0,0.0,0.0,1.0,325,1626,Database of Religious History (DRH) [default],Europe,-0.7402166430977194,1.0,,1.0,,1.0,0.0,1.0,1.0,0.0,1.0,1.0,An empire,1.0
1474,,,1.0,1.0,,,,1.0,1.0,1.0,1945,1632,eHRAF,South America,0.7682023917111385,,,,,,,,,0.0,,,A band,0.0
1492,,1.0,1.0,1.0,1.0,1.0,1.0,,1.0,1.0,1925,1650,eHRAF,South America,0.749579934491276,,,,,,,,,0.0,,,A band,0.0
1495,0.0,0.0,0.0,0.0,0.0,0.0,0.0,0.0,0.0,0.0,1997,1652,Database of Religious History (DRH) [default],Europe,0.8166207804827808,1.0,0.0,1.0,0.0,,0.0,,1.0,0.0,1.0,0.0,,
1511,1.0,1.0,1.0,1.0,1.0,,0.0,1.0,1.0,1.0,1804,1673,Database of Religious History (DRH) [default],Africa,0.6369140683111082,0.0,1.0,0.0,1.0,0.0,1.0,0.0,0.0,1.0,0.0,1.0,A state,1.0
1517,0.0,0.0,0.0,0.0,0.0,0.0,0.0,0.0,0.0,,1936,341,Database of Religious History (DRH) [default],Africa,0.7598222859622004,1.0,0.0,1.0,0.0,0.0,0.0,1.0,0.0,0.0,0.0,0.0,A state,1.0
1521,,,,,,,0.0,,0.0,0.0,1256,1683,Database of Religious History (DRH) [default],Europe,0.1266587404868773,,,,,,,,,,,,,
1522,0.0,0.0,0.0,0.0,0.0,0.0,0.0,0.0,1.0,1.0,1781,1748,Database of Religious History (DRH) [default],Africa,0.6154982425082665,0.0,0.0,1.0,0.0,1.0,0.0,1.0,0.0,0.0,1.0,0.0,,
1544,0.0,0.0,0.0,0.0,0.0,0.0,0.0,0.0,1.0,1.0,1596,331,Database of Religious History (DRH) [default],Europe,0.4432405132245388,1.0,1.0,1.0,0.0,1.0,0.0,1.0,1.0,0.0,1.0,0.0,A state,1.0
1555,1.0,1.0,1.0,1.0,0.0,0.0,0.0,0.0,1.0,1.0,1970,1764,Database of Religious History (DRH) [default],Southwest Asia,0.7914804632359665,1.0,0.0,1.0,1.0,1.0,1.0,1.0,1.0,1.0,1.0,0.0,A state,1.0
1570,1.0,1.0,1.0,1.0,1.0,1.0,0.0,1.0,0.0,0.0,1900,1117,Database of Religious History (DRH) [default],South Asia,0.7263018629664479,1.0,0.0,1.0,1.0,1.0,0.0,1.0,1.0,0.0,1.0,0.0,A state,1.0
1574,0.0,0.0,0.0,0.0,0.0,0.0,0.0,0.0,0.0,0.0,-2000,1328,Database of Religious History (DRH) [default],Southwest Asia,-2.9050772949067283,1.0,0.0,1.0,0.0,,0.0,1.0,0.0,0.0,1.0,0.0,A state,1.0
1619,0.0,0.0,0.0,0.0,0.0,0.0,0.0,0.0,1.0,1.0,1200,1837,Database of Religious History (DRH) [default],Europe,0.0745158602712624,0.0,0.0,0.0,0.0,0.0,0.0,0.0,0.0,0.0,0.0,0.0,A state,1.0
1621,0.0,0.0,0.0,0.0,0.0,0.0,0.0,0.0,1.0,1.0,1700,1839,Database of Religious History (DRH) [default],Europe,0.5400772907678235,1.0,0.0,1.0,0.0,1.0,0.0,0.0,,0.0,0.0,0.0,A state,1.0
1624,,,,,,,0.0,,0.0,0.0,-900,582,Database of Religious History (DRH) [default],Southwest Asia,-1.880842147814294,1.0,0.0,,0.0,,0.0,1.0,,0.0,1.0,0.0,An empire,1.0
1626,0.0,0.0,0.0,0.0,0.0,0.0,0.0,0.0,0.0,0.0,-800,1852,Database of Religious History (DRH) [default],Europe,-1.7877298617149815,0.0,0.0,0.0,0.0,0.0,0.0,0.0,0.0,0.0,,0.0,,
1627,0.0,0.0,0.0,0.0,0.0,0.0,0.0,0.0,0.0,0.0,1978,1842,Database of Religious History (DRH) [default],North America,0.7989294461239115,1.0,0.0,1.0,0.0,0.0,0.0,1.0,1.0,0.0,1.0,0.0,An empire,1.0
1636,0.0,0.0,0.0,0.0,0.0,0.0,0.0,0.0,0.0,0.0,814,1626,Database of Religious History (DRH) [default],Europe,-0.2848975640720826,1.0,0.0,1.0,0.0,1.0,0.0,1.0,,0.0,1.0,1.0,An empire,1.0
1653,0.0,0.0,0.0,0.0,0.0,0.0,0.0,0.0,1.0,1.0,341,1869,Database of Religious History (DRH) [default],Europe,-0.7253186773218294,1.0,1.0,1.0,0.0,1.0,0.0,1.0,0.0,0.0,1.0,1.0,An empire,1.0
1654,0.0,0.0,0.0,0.0,0.0,0.0,0.0,0.0,1.0,1.0,1981,1866,Database of Religious History (DRH) [default],Africa,0.8017228147068909,0.0,0.0,1.0,0.0,1.0,0.0,1.0,0.0,0.0,1.0,0.0,A state,1.0
1667,0.0,0.0,0.0,0.0,0.0,0.0,0.0,0.0,0.0,0.0,1850,1877,Database of Religious History (DRH) [default],Africa,0.6797457199167919,1.0,1.0,1.0,0.0,1.0,0.0,1.0,1.0,0.0,1.0,0.0,An empire,1.0
1677,0.0,0.0,0.0,0.0,0.0,0.0,0.0,0.0,1.0,1.0,-1650,1884,Database of Religious History (DRH) [default],Southwest Asia,-2.579184293559136,1.0,0.0,1.0,0.0,0.0,0.0,1.0,1.0,0.0,1.0,0.0,An empire,1.0
1689,1.0,0.0,1.0,1.0,0.0,0.0,0.0,0.0,0.0,1.0,1516,1892,Database of Religious History (DRH) [default],Southwest Asia,0.368750684345089,1.0,1.0,1.0,1.0,1.0,0.0,1.0,1.0,0.0,1.0,1.0,An empire,1.0
1690,0.0,0.0,0.0,0.0,0.0,0.0,0.0,0.0,1.0,1.0,843,1893,Database of Religious History (DRH) [default],Europe,-0.2578950011032821,1.0,1.0,1.0,0.0,1.0,0.0,1.0,1.0,0.0,1.0,1.0,An empire,1.0
1694,0.0,0.0,0.0,0.0,0.0,0.0,0.0,0.0,1.0,1.0,1054,1897,Database of Religious History (DRH) [default],Europe,-0.0614280774337333,1.0,1.0,1.0,1.0,1.0,0.0,1.0,1.0,0.0,1.0,1.0,An empire,1.0
1697,0.0,0.0,0.0,0.0,0.0,0.0,1.0,0.0,1.0,0.0,450,1626,Database of Religious History (DRH) [default],Europe,-0.6238262854735791,1.0,0.0,1.0,0.0,0.0,0.0,1.0,0.0,0.0,1.0,0.0,An empire,1.0
1701,0.0,1.0,1.0,1.0,1.0,0.0,0.0,0.0,1.0,1.0,1120,1902,Database of Religious History (DRH) [default],Europe,2.6031391812687267e-05,1.0,0.0,1.0,1.0,0.0,0.0,1.0,0.0,0.0,0.0,1.0,A state,1.0
1708,0.0,0.0,0.0,0.0,0.0,0.0,0.0,0.0,1.0,0.0,708,1909,Database of Religious History (DRH) [default],Southwest Asia,-0.3835965873373536,1.0,1.0,1.0,1.0,1.0,1.0,0.0,1.0,0.0,0.0,0.0,A band,0.0
1734,0.0,0.0,0.0,0.0,0.0,0.0,,0.0,0.0,0.0,-1600,1941,Database of Religious History (DRH) [default],South America,-2.532628150509479,,,0.0,0.0,,,,,,,,,
1737,1.0,0.0,1.0,1.0,0.0,0.0,0.0,0.0,1.0,1.0,661,1943,Database of Religious History (DRH) [default],Southwest Asia,-0.4273593618040304,1.0,0.0,1.0,1.0,1.0,0.0,1.0,0.0,0.0,0.0,0.0,A chiefdom,0.0
1759,1.0,0.0,1.0,0.0,0.0,0.0,0.0,0.0,0.0,1.0,1195,1962,Database of Religious History (DRH) [default],Africa,0.0698602459662968,1.0,0.0,1.0,0.0,1.0,0.0,1.0,1.0,0.0,1.0,0.0,A chiefdom,0.0
1776,0.0,0.0,0.0,0.0,0.0,0.0,0.0,0.0,0.0,0.0,1881,1969,Database of Religious History (DRH) [default],Africa,0.7086105286075787,1.0,0.0,1.0,0.0,1.0,0.0,1.0,1.0,0.0,1.0,0.0,A band,0.0
1777,0.0,0.0,0.0,0.0,0.0,0.0,0.0,0.0,0.0,0.0,1881,1970,Database of Religious History (DRH) [default],Africa,0.7086105286075787,1.0,0.0,1.0,0.0,1.0,0.0,1.0,1.0,0.0,1.0,0.0,A band,0.0
1780,0.0,0.0,0.0,0.0,0.0,0.0,0.0,0.0,0.0,0.0,1881,1980,Database of Religious History (DRH) [default],Africa,0.7086105286075787,1.0,0.0,1.0,0.0,1.0,0.0,1.0,1.0,0.0,1.0,0.0,A band,0.0
1781,0.0,0.0,0.0,0.0,0.0,0.0,0.0,0.0,0.0,0.0,1969,1970,Database of Religious History (DRH) [default],Africa,0.7905493403749734,1.0,0.0,1.0,0.0,1.0,0.0,1.0,1.0,0.0,1.0,0.0,,
1791,0.0,0.0,0.0,0.0,0.0,0.0,0.0,0.0,1.0,1.0,1100,1985,Database of Religious History (DRH) [default],Southwest Asia,-0.0185964258280497,1.0,0.0,1.0,0.0,1.0,0.0,1.0,1.0,0.0,1.0,0.0,A chiefdom,0.0
1820,0.0,0.0,0.0,0.0,0.0,0.0,0.0,0.0,0.0,0.0,1980,1082,Database of Religious History (DRH) [default],Africa,0.8007916918458977,0.0,0.0,1.0,0.0,0.0,0.0,1.0,1.0,0.0,1.0,0.0,A state,1.0
1829,0.0,0.0,0.0,0.0,0.0,0.0,0.0,0.0,0.0,0.0,1986,1082,Database of Religious History (DRH) [default],Africa,0.8063784290118564,1.0,0.0,1.0,0.0,1.0,0.0,1.0,1.0,0.0,1.0,0.0,A state,1.0
1835,1.0,1.0,1.0,0.0,0.0,1.0,0.0,0.0,0.0,0.0,1948,2005,Database of Religious History (DRH) [default],Africa,0.7709957602941178,0.0,1.0,1.0,1.0,1.0,0.0,1.0,0.0,1.0,0.0,1.0,,
1845,0.0,1.0,1.0,1.0,1.0,0.0,0.0,0.0,0.0,0.0,1018,2010,Database of Religious History (DRH) [default],Europe,-0.0949485004294857,1.0,,0.0,1.0,0.0,0.0,1.0,0.0,0.0,1.0,,,
1869,,1.0,1.0,1.0,1.0,1.0,0.0,1.0,0.0,0.0,1930,2017,Personal Expertise,Africa,0.7542355487962417,1.0,0.0,1.0,0.0,1.0,0.0,1.0,1.0,0.0,1.0,0.0,A tribe,0.0
1872,1.0,1.0,1.0,0.0,1.0,0.0,0.0,0.0,0.0,0.0,1947,2063,Database of Religious History (DRH) [default],Africa,0.7700646374331247,1.0,0.0,1.0,1.0,1.0,0.0,1.0,1.0,1.0,1.0,1.0,A band,0.0
1897,1.0,1.0,1.0,0.0,0.0,0.0,0.0,0.0,0.0,0.0,1951,2040,Database of Religious History (DRH) [default],Africa,0.7737891288770972,1.0,0.0,1.0,0.0,1.0,0.0,1.0,1.0,1.0,1.0,1.0,A band,0.0
1903,1.0,1.0,1.0,1.0,1.0,,1.0,0.0,1.0,1.0,750,2032,Database of Religious History (DRH) [default],Southwest Asia,-0.3444894271756425,1.0,1.0,0.0,1.0,,1.0,,0.0,1.0,0.0,1.0,A state,1.0
1904,1.0,0.0,1.0,1.0,0.0,0.0,0.0,0.0,1.0,1.0,1800,2033,Database of Religious History (DRH) [default],Africa,0.6331895768671357,1.0,0.0,1.0,0.0,1.0,0.0,1.0,1.0,0.0,1.0,0.0,A chiefdom,0.0
1908,0.0,0.0,0.0,0.0,0.0,0.0,0.0,0.0,1.0,1.0,1100,2035,Database of Religious History (DRH) [default],East Asia,-0.0185964258280497,1.0,0.0,1.0,1.0,,0.0,1.0,1.0,0.0,1.0,0.0,A band,0.0
1918,0.0,0.0,0.0,0.0,0.0,0.0,0.0,0.0,,0.0,1950,2052,Database of Religious History (DRH) [default],East Asia,0.7728580060161041,0.0,0.0,0.0,0.0,0.0,0.0,0.0,0.0,0.0,0.0,0.0,,
1938,0.0,0.0,0.0,0.0,0.0,0.0,0.0,0.0,0.0,0.0,1850,2045,Database of Religious History (DRH) [default],Southwest Asia,0.6797457199167919,1.0,0.0,1.0,0.0,0.0,0.0,0.0,0.0,0.0,0.0,0.0,,
1940,1.0,0.0,1.0,0.0,0.0,0.0,0.0,0.0,0.0,0.0,1950,2044,Database of Religious History (DRH) [default],Africa,0.7728580060161041,1.0,0.0,1.0,0.0,1.0,0.0,1.0,1.0,0.0,0.0,1.0,A band,0.0
1943,0.0,1.0,1.0,0.0,0.0,1.0,0.0,1.0,0.0,0.0,1990,2047,Database of Religious History (DRH) [default],South America,0.810102920455829,1.0,0.0,1.0,0.0,0.0,0.0,1.0,1.0,0.0,1.0,0.0,A state,1.0
1961,0.0,0.0,0.0,0.0,0.0,0.0,0.0,0.0,0.0,0.0,1990,2064,Database of Religious History (DRH) [default],Africa,0.810102920455829,1.0,0.0,1.0,0.0,1.0,0.0,1.0,1.0,0.0,1.0,0.0,A state,1.0
1962,,,,,,,0.0,,,0.0,670,809,Database of Religious History (DRH) [default],East Asia,-0.4189792560550923,0.0,0.0,0.0,0.0,0.0,0.0,0.0,0.0,0.0,0.0,0.0,A tribe,0.0
1966,0.0,0.0,0.0,0.0,0.0,0.0,0.0,0.0,0.0,0.0,1972,2075,Database of Religious History (DRH) [default],Africa,0.7933427089579528,1.0,0.0,1.0,0.0,1.0,0.0,1.0,1.0,0.0,1.0,0.0,,
1972,0.0,0.0,0.0,0.0,0.0,0.0,0.0,0.0,0.0,0.0,1970,1131,Database of Religious History (DRH) [default],North America,0.7914804632359665,0.0,0.0,1.0,0.0,1.0,0.0,1.0,0.0,0.0,0.0,0.0,,
1974,0.0,0.0,0.0,0.0,0.0,0.0,0.0,0.0,0.0,0.0,1989,2072,Database of Religious History (DRH) [default],Africa,0.8091717975948358,1.0,0.0,1.0,0.0,1.0,0.0,1.0,1.0,0.0,1.0,0.0,A state,1.0
1978,0.0,0.0,0.0,0.0,0.0,0.0,0.0,0.0,0.0,0.0,1965,2077,Database of Religious History (DRH) [default],East Asia,0.7868248489310009,0.0,0.0,0.0,0.0,0.0,0.0,0.0,0.0,0.0,0.0,0.0,A band,0.0
1983,0.0,0.0,0.0,0.0,0.0,0.0,0.0,0.0,0.0,0.0,400,2092,Database of Religious History (DRH) [default],Southwest Asia,-0.6703824285232353,0.0,0.0,0.0,0.0,0.0,0.0,0.0,0.0,0.0,0.0,0.0,An empire,1.0
1985,0.0,0.0,0.0,0.0,0.0,0.0,0.0,0.0,0.0,1.0,34,2094,Database of Religious History (DRH) [default],Southwest Asia,-1.011173395646718,1.0,1.0,1.0,1.0,1.0,0.0,0.0,1.0,0.0,1.0,1.0,An empire,1.0
1989,,,,,,,0.0,,1.0,1.0,-600,2096,Database of Religious History (DRH) [default],Europe,-1.6015052895163573,1.0,1.0,1.0,1.0,1.0,1.0,1.0,0.0,0.0,1.0,,A chiefdom,0.0
1993,0.0,0.0,0.0,0.0,0.0,0.0,0.0,0.0,1.0,1.0,-600,2099,Database of Religious History (DRH) [default],Europe,-1.6015052895163573,1.0,1.0,1.0,0.0,1.0,0.0,1.0,,0.0,1.0,0.0,,
1994,0.0,0.0,0.0,0.0,0.0,0.0,0.0,0.0,0.0,1.0,1968,1082,Database of Religious History (DRH) [default],Africa,0.7896182175139802,1.0,0.0,1.0,0.0,1.0,0.0,1.0,1.0,0.0,1.0,0.0,A state,1.0
2000,0.0,0.0,0.0,0.0,0.0,0.0,0.0,0.0,0.0,0.0,1933,2104,Database of Religious History (DRH) [default],Africa,0.757028917379221,1.0,0.0,1.0,0.0,1.0,0.0,1.0,1.0,0.0,1.0,0.0,A state,1.0
2003,0.0,0.0,0.0,0.0,0.0,0.0,0.0,0.0,1.0,1.0,1914,1082,Database of Religious History (DRH) [default],Africa,0.7393375830203517,1.0,0.0,1.0,1.0,1.0,0.0,1.0,1.0,0.0,1.0,1.0,,
2006,0.0,0.0,0.0,0.0,0.0,0.0,0.0,0.0,0.0,0.0,1972,2118,Database of Religious History (DRH) [default],Africa,0.7933427089579528,1.0,0.0,1.0,0.0,1.0,0.0,1.0,1.0,0.0,1.0,0.0,A state,1.0
2009,0.0,0.0,0.0,0.0,0.0,0.0,0.0,0.0,1.0,1.0,-800,2108,Database of Religious History (DRH) [default],Europe,-1.7877298617149815,1.0,1.0,1.0,0.0,1.0,0.0,1.0,,0.0,1.0,0.0,,
2010,0.0,1.0,1.0,0.0,0.0,1.0,0.0,0.0,1.0,1.0,1240,2109,Database of Religious History (DRH) [default],Europe,0.1117607747109873,1.0,1.0,1.0,1.0,1.0,1.0,1.0,0.0,1.0,1.0,0.0,An empire,1.0
2011,0.0,0.0,0.0,0.0,0.0,0.0,0.0,0.0,0.0,1.0,1885,1082,Database of Religious History (DRH) [default],Africa,0.7123350200515511,1.0,0.0,1.0,0.0,1.0,0.0,1.0,1.0,0.0,1.0,0.0,A state,1.0
2016,1.0,0.0,1.0,0.0,0.0,0.0,0.0,0.0,1.0,1.0,909,2130,Database of Religious History (DRH) [default],Southwest Asia,-0.1964408922777361,0.0,1.0,0.0,1.0,0.0,1.0,0.0,0.0,1.0,0.0,1.0,A state,1.0
2021,0.0,0.0,0.0,0.0,0.0,0.0,0.0,0.0,1.0,1.0,1905,2119,Database of Religious History (DRH) [default],Africa,0.7309574772714136,1.0,0.0,1.0,1.0,1.0,0.0,1.0,1.0,0.0,1.0,0.0,A state,1.0
2023,0.0,0.0,0.0,0.0,0.0,0.0,0.0,0.0,1.0,1.0,971,2131,Database of Religious History (DRH) [default],Africa,-0.1387112748961625,0.0,1.0,0.0,1.0,0.0,1.0,0.0,0.0,1.0,1.0,1.0,A state,1.0
2038,0.0,0.0,0.0,0.0,0.0,0.0,0.0,0.0,1.0,1.0,1000,2138,Database of Religious History (DRH) [default],Europe,-0.1117087119273619,1.0,0.0,1.0,0.0,0.0,0.0,1.0,1.0,0.0,1.0,0.0,,
2048,0.0,0.0,1.0,,1.0,,0.0,,1.0,1.0,777,2144,Database of Religious History (DRH) [default],Africa,-0.3193491099288282,0.0,1.0,0.0,1.0,0.0,1.0,0.0,0.0,1.0,0.0,1.0,A state,1.0
2051,0.0,0.0,0.0,0.0,0.0,0.0,0.0,0.0,0.0,0.0,2022,2175,Database of Religious History (DRH) [default],Southeast Asia,0.8398988520076088,1.0,0.0,1.0,0.0,1.0,0.0,1.0,1.0,0.0,1.0,0.0,,
2052,0.0,0.0,0.0,0.0,0.0,0.0,0.0,0.0,0.0,0.0,1992,2147,Database of Religious History (DRH) [default],Africa,0.8119651661778152,1.0,0.0,1.0,0.0,1.0,0.0,1.0,1.0,1.0,1.0,0.0,A tribe,0.0
2054,0.0,0.0,0.0,0.0,0.0,0.0,0.0,0.0,0.0,1.0,1918,1082,Database of Religious History (DRH) [default],Africa,0.7430620744643242,1.0,0.0,1.0,1.0,1.0,0.0,1.0,1.0,0.0,0.0,0.0,A band,0.0
2061,1.0,1.0,1.0,1.0,1.0,1.0,0.0,0.0,0.0,0.0,1800,1995,Personal Expertise,Africa,0.6331895768671357,1.0,0.0,1.0,0.0,1.0,0.0,1.0,1.0,0.0,1.0,0.0,An empire,1.0
2069,1.0,1.0,1.0,1.0,0.0,0.0,0.0,0.0,1.0,1.0,1969,2164,Database of Religious History (DRH) [default],Africa,0.7905493403749734,0.0,0.0,1.0,0.0,1.0,0.0,1.0,0.0,0.0,1.0,0.0,A band,0.0
2070,0.0,0.0,0.0,0.0,0.0,0.0,0.0,0.0,0.0,0.0,2003,2017,Database of Religious History (DRH) [default],Africa,0.8222075176487396,1.0,0.0,1.0,0.0,1.0,0.0,1.0,1.0,0.0,1.0,0.0,A chiefdom,0.0
2074,0.0,0.0,0.0,0.0,0.0,0.0,0.0,0.0,0.0,0.0,1905,1836,Database of Religious History (DRH) [default],Africa,0.7309574772714136,,1.0,,1.0,0.0,1.0,0.0,0.0,0.0,0.0,1.0,An empire,1.0
2084,1.0,1.0,1.0,0.0,0.0,1.0,0.0,0.0,0.0,0.0,1980,2194,Database of Religious History (DRH) [default],Africa,0.8007916918458977,0.0,0.0,0.0,0.0,0.0,0.0,1.0,0.0,0.0,1.0,0.0,A tribe,0.0
2089,1.0,1.0,1.0,1.0,0.0,0.0,0.0,0.0,1.0,0.0,1974,2174,Database of Religious History (DRH) [default],Africa,0.795204954679939,1.0,0.0,1.0,1.0,1.0,0.0,1.0,1.0,0.0,1.0,0.0,A band,0.0
2104,0.0,0.0,0.0,0.0,0.0,0.0,0.0,0.0,0.0,1.0,1700,2185,Database of Religious History (DRH) [default],Africa,0.5400772907678235,1.0,0.0,1.0,1.0,1.0,0.0,1.0,1.0,0.0,1.0,0.0,A chiefdom,0.0
2111,0.0,0.0,0.0,0.0,0.0,0.0,0.0,0.0,1.0,1.0,700,1673,Database of Religious History (DRH) [default],Africa,-0.3910455702252986,0.0,1.0,0.0,1.0,0.0,1.0,0.0,1.0,1.0,0.0,1.0,A tribe,0.0
2114,0.0,0.0,0.0,0.0,0.0,0.0,0.0,0.0,0.0,0.0,1837,1673,Database of Religious History (DRH) [default],Africa,0.6676411227238812,1.0,1.0,1.0,1.0,1.0,0.0,1.0,1.0,0.0,1.0,0.0,An empire,1.0
2116,0.0,0.0,0.0,0.0,0.0,0.0,0.0,0.0,0.0,0.0,1804,1673,Database of Religious History (DRH) [default],Africa,0.6369140683111082,0.0,1.0,1.0,1.0,0.0,1.0,0.0,1.0,1.0,1.0,1.0,An empire,1.0
2122,0.0,0.0,0.0,0.0,0.0,0.0,0.0,0.0,0.0,1.0,1978,1673,Database of Religious History (DRH) [default],Africa,0.7989294461239115,1.0,0.0,1.0,1.0,1.0,0.0,1.0,1.0,0.0,1.0,0.0,,
2126,0.0,0.0,0.0,0.0,0.0,0.0,0.0,0.0,0.0,0.0,1984,1082,Database of Religious History (DRH) [default],Africa,0.8045161832898702,1.0,0.0,1.0,1.0,0.0,0.0,1.0,1.0,0.0,1.0,0.0,A state,1.0
2128,,,,,,,0.0,,1.0,1.0,650,1893,Database of Religious History (DRH) [default],Europe,-0.4376017132749547,1.0,0.0,1.0,,1.0,1.0,1.0,0.0,0.0,1.0,,,
2131,,,,,,,0.0,,1.0,1.0,900,2199,Database of Religious History (DRH) [default],South America,-0.2048209980266742,,,1.0,,1.0,0.0,,1.0,0.0,1.0,,An empire,1.0
2133,0.0,0.0,0.0,0.0,0.0,0.0,0.0,0.0,0.0,0.0,1923,1082,Database of Religious History (DRH) [default],Africa,0.7477176887692898,1.0,1.0,1.0,1.0,1.0,0.0,1.0,1.0,0.0,1.0,0.0,A state,1.0
2138,0.0,0.0,0.0,0.0,0.0,0.0,0.0,0.0,1.0,1.0,1916,1082,Database of Religious History (DRH) [default],Africa,0.7411998287423379,1.0,0.0,1.0,1.0,1.0,0.0,1.0,1.0,0.0,1.0,1.0,An empire,1.0
2139,0.0,0.0,0.0,0.0,0.0,0.0,0.0,0.0,1.0,1.0,1980,1082,Database of Religious History (DRH) [default],Africa,0.8007916918458977,1.0,1.0,1.0,1.0,1.0,0.0,1.0,1.0,0.0,1.0,1.0,A state,1.0
2141,0.0,0.0,0.0,0.0,0.0,0.0,0.0,0.0,1.0,1.0,2002,1082,Database of Religious History (DRH) [default],Africa,0.8212763947877464,1.0,1.0,1.0,1.0,1.0,1.0,0.0,1.0,1.0,1.0,1.0,A state,1.0
2146,0.0,0.0,0.0,0.0,0.0,0.0,0.0,0.0,0.0,0.0,1870,86,Database of Religious History (DRH) [default],East Asia,0.6983681771366543,1.0,0.0,1.0,0.0,1.0,0.0,0.5,1.0,0.0,1.0,0.0,A state,1.0
2147,0.0,0.0,0.0,0.0,0.0,0.0,0.0,0.0,1.0,1.0,1229,2210,Database of Religious History (DRH) [default],Africa,0.101518423240063,0.0,1.0,0.0,1.0,0.0,1.0,0.0,0.0,1.0,0.0,1.0,A state,1.0
2149,1.0,,1.0,1.0,,,1.0,0.0,0.0,1.0,330,1893,Database of Religious History (DRH) [default],Europe,-0.7355610287927538,1.0,0.0,1.0,1.0,0.0,0.0,1.0,0.0,0.0,1.0,,An empire,1.0
2160,,1.0,1.0,1.0,,,,,1.0,0.0,250,2228,Database of Religious History (DRH) [default],Southwest Asia,-0.8100508576722035,1.0,1.0,1.0,1.0,1.0,0.0,1.0,1.0,1.0,1.0,,,
2178,1.0,1.0,1.0,0.0,0.0,1.0,0.0,0.0,0.0,0.0,1918,1082,Database of Religious History (DRH) [default],Africa,0.7430620744643242,1.0,0.0,1.0,0.0,1.0,0.0,1.0,1.0,0.0,1.0,0.0,,
2194,0.0,0.0,0.0,0.0,0.0,0.0,0.0,0.0,0.0,1.0,1952,2256,Database of Religious History (DRH) [default],Africa,0.7747202517380903,1.0,0.0,1.0,1.0,1.0,0.0,1.0,1.0,1.0,1.0,1.0,A state,1.0
2203,0.0,0.0,0.0,0.0,0.0,0.0,0.0,0.0,0.0,0.0,-476,501,Database of Religious History (DRH) [default],East Asia,-1.4860460547532102,0.0,0.0,0.0,0.0,0.0,0.0,0.0,0.0,0.0,0.0,0.0,An empire,1.0
2209,0.0,0.0,0.0,0.0,0.0,0.0,0.0,0.0,0.0,1.0,1842,1082,Database of Religious History (DRH) [default],Africa,0.6722967370288468,1.0,0.0,1.0,1.0,1.0,0.0,1.0,1.0,0.0,1.0,1.0,,
2210,1.0,0.0,1.0,1.0,1.0,1.0,0.0,0.0,0.0,0.0,1981,2119,Database of Religious History (DRH) [default],Africa,0.8017228147068909,1.0,0.0,1.0,0.0,1.0,0.0,1.0,1.0,1.0,1.0,0.0,,
2214,,,1.0,,,,,,0.0,0.0,600,2433,Database of Religious History (DRH) [default],South America,-0.4841578563246108,0.0,0.0,0.0,0.0,0.0,0.0,0.0,0.0,0.0,,,A state,1.0
2228,0.0,0.0,0.0,0.0,0.0,0.0,0.0,0.0,1.0,1.0,1972,1082,Database of Religious History (DRH) [default],Africa,0.7933427089579528,1.0,0.0,1.0,1.0,1.0,0.0,1.0,1.0,0.0,1.0,1.0,,
2232,,,,,,,0.0,,1.0,0.0,1350,2289,Database of Religious History (DRH) [default],Europe,0.2141842894202307,1.0,0.0,1.0,0.0,,0.0,1.0,1.0,0.0,1.0,,A state,1.0
2233,,,,,,,0.0,,0.0,0.0,1734,2291,Database of Religious History (DRH) [default],East Asia,0.5717354680415897,0.0,0.0,0.0,0.0,0.0,0.0,0.0,0.0,0.0,0.0,0.0,An empire,1.0
2238,0.0,0.0,0.0,0.0,0.0,0.0,0.0,0.0,0.0,1.0,1700,2296,Database of Religious History (DRH) [default],Africa,0.5400772907678235,1.0,0.0,1.0,1.0,1.0,0.0,1.0,1.0,0.0,1.0,0.0,A chiefdom,0.0
2240,,,,,,,0.0,,1.0,1.0,900,2298,Database of Religious History (DRH) [default],South America,-0.2048209980266742,1.0,0.0,1.0,0.0,1.0,0.0,1.0,0.0,0.0,1.0,0.0,,
2241,0.0,1.0,1.0,0.0,1.0,1.0,1.0,0.0,1.0,0.0,-750,132,Database of Religious History (DRH) [default],Europe,-1.7411737186653258,1.0,0.0,1.0,0.0,1.0,0.0,1.0,0.0,0.0,1.0,0.0,An empire,1.0
2244,0.0,1.0,1.0,0.0,1.0,0.0,0.0,0.0,1.0,1.0,1204,2302,Database of Religious History (DRH) [default],Europe,0.0782403517152349,1.0,1.0,1.0,1.0,1.0,0.0,1.0,1.0,0.0,,0.0,An empire,1.0
2245,1.0,0.0,1.0,0.0,0.0,0.0,0.0,0.0,1.0,1.0,652,2303,Database of Religious History (DRH) [default],Europe,-0.4357394675529685,0.0,1.0,0.0,1.0,0.0,1.0,0.0,0.0,1.0,0.0,1.0,A state,1.0
2246,0.0,0.0,0.0,0.0,0.0,0.0,0.0,0.0,1.0,1.0,819,2329,Database of Religious History (DRH) [default],Africa,-0.2802419497671171,1.0,1.0,1.0,1.0,1.0,0.0,1.0,1.0,0.0,1.0,0.0,A band,0.0
2247,1.0,0.0,1.0,1.0,1.0,0.0,0.0,0.0,1.0,1.0,647,2330,Database of Religious History (DRH) [default],Africa,-0.4403950818579341,0.0,1.0,0.0,1.0,0.0,1.0,0.0,0.0,1.0,0.0,1.0,A state,1.0
2248,0.0,0.0,0.0,0.0,0.0,0.0,0.0,0.0,0.0,1.0,1631,2331,Database of Religious History (DRH) [default],Africa,0.4758298133592981,0.0,1.0,0.0,1.0,0.0,1.0,0.0,0.0,1.0,0.0,1.0,A state,1.0
2256,0.0,0.0,0.0,0.0,0.0,0.0,0.0,0.0,0.0,0.0,1700,2342,Database of Religious History (DRH) [default],Africa,0.5400772907678235,1.0,0.0,1.0,0.0,1.0,0.0,1.0,1.0,0.0,1.0,0.0,A chiefdom,0.0
2264,,,,,,,0.0,,1.0,1.0,1560,2350,Database of Religious History (DRH) [default],Europe,0.4097200902287864,1.0,1.0,1.0,1.0,0.0,1.0,,1.0,0.0,0.0,1.0,An empire,1.0
2266,0.0,0.0,0.0,0.0,0.0,0.0,0.0,0.0,0.0,0.0,-571,1183,Database of Religious History (DRH) [default],East Asia,-1.5745027265475569,0.0,0.0,0.0,0.0,0.0,0.0,0.0,0.0,0.0,0.0,0.0,,
2271,0.0,0.0,0.0,0.0,0.0,0.0,0.0,0.0,1.0,1.0,1964,2256,Personal Expertise,Africa,0.7858937260700077,1.0,0.0,1.0,0.0,1.0,0.0,1.0,1.0,0.0,1.0,0.0,,
2273,0.0,0.0,1.0,0.0,0.0,0.0,0.0,0.0,0.0,0.0,1291,2356,Database of Religious History (DRH) [default],East Asia,0.1592480406216365,,0.0,1.0,0.0,0.0,0.0,0.0,0.0,0.0,1.0,0.0,,
2274,0.0,0.0,0.0,0.0,0.0,0.0,0.0,0.0,0.0,1.0,1920,2357,Database of Religious History (DRH) [default],Africa,0.7449243201863104,1.0,0.0,1.0,0.0,1.0,0.0,1.0,1.0,0.0,1.0,0.0,A tribe,0.0
2278,0.0,0.0,0.0,0.0,0.0,0.0,0.0,0.0,0.0,1.0,1700,2359,Database of Religious History (DRH) [default],Africa,0.5400772907678235,1.0,0.0,1.0,0.0,1.0,0.0,1.0,1.0,0.0,1.0,0.0,A chiefdom,0.0
2279,0.0,0.0,0.0,0.0,0.0,0.0,0.0,0.0,0.0,0.0,1890,2360,Personal Expertise,Africa,0.7169906343565168,1.0,1.0,1.0,1.0,1.0,0.0,1.0,1.0,0.0,1.0,1.0,A tribe,0.0
2283,0.0,0.0,0.0,0.0,0.0,0.0,0.0,0.0,0.0,0.0,283,103,Database of Religious History (DRH) [default],East Asia,-0.7793238032594305,0.0,0.0,0.0,0.0,0.0,0.0,0.0,0.0,0.0,0.0,0.0,An empire,1.0
2284,,,,,,,1.0,,1.0,1.0,1300,2362,Database of Religious History (DRH) [default],North America,0.1676281463705746,1.0,1.0,,,1.0,1.0,1.0,1.0,0.0,,1.0,A state,1.0
2286,,1.0,1.0,,1.0,1.0,,,0.0,0.0,-3500,2369,Database of Religious History (DRH) [default],South America,-4.301761586396411,0.0,0.0,0.0,0.0,0.0,0.0,0.0,0.0,0.0,0.0,0.0,A chiefdom,0.0
2290,0.0,0.0,0.0,0.0,0.0,0.0,0.0,0.0,0.0,0.0,1200,2372,Database of Religious History (DRH) [default],Africa,0.0745158602712624,1.0,0.0,1.0,0.0,1.0,0.0,1.0,1.0,0.0,1.0,0.0,A chiefdom,0.0
2297,0.0,0.0,0.0,0.0,0.0,0.0,0.0,0.0,1.0,1.0,1173,2375,Database of Religious History (DRH) [default],Europe,0.0493755430244481,1.0,1.0,1.0,0.0,0.0,0.0,1.0,1.0,0.0,1.0,0.0,,
2299,0.0,0.0,0.0,0.0,0.0,0.0,0.0,0.0,1.0,1.0,1100,2377,Database of Religious History (DRH) [default],Southwest Asia,-0.0185964258280497,0.0,0.0,0.0,1.0,0.0,1.0,0.0,0.0,0.0,0.0,1.0,,
2301,,,,,,,1.0,,1.0,,1600,2460,Database of Religious History (DRH) [default],Europe,0.4469650046685113,1.0,1.0,1.0,1.0,0.0,0.0,,0.0,0.0,0.0,1.0,,
2308,0.0,0.0,0.0,0.0,0.0,0.0,0.0,0.0,1.0,1.0,711,2385,Database of Religious History (DRH) [default],Europe,-0.3808032187543743,0.0,1.0,0.0,1.0,0.0,1.0,0.0,0.0,1.0,0.0,1.0,A state,1.0
2309,1.0,0.0,1.0,0.0,0.0,0.0,0.0,0.0,1.0,1.0,756,2386,Database of Religious History (DRH) [default],Europe,-0.3389026900096837,0.0,1.0,0.0,1.0,0.0,1.0,0.0,0.0,1.0,0.0,1.0,A state,1.0
2312,0.0,0.0,0.0,0.0,0.0,0.0,0.0,0.0,1.0,0.0,-1800,2389,Database of Religious History (DRH) [default],Africa,-2.718852722708104,1.0,1.0,1.0,1.0,1.0,0.0,1.0,1.0,0.0,1.0,1.0,A tribe,0.0
2313,0.0,0.0,0.0,0.0,0.0,0.0,0.0,0.0,0.0,0.0,600,2390,Database of Religious History (DRH) [default],Central Eurasia,-0.4841578563246108,1.0,0.0,1.0,0.0,1.0,0.0,1.0,1.0,0.0,1.0,0.0,A state,1.0
2320,0.0,1.0,1.0,1.0,1.0,0.0,,1.0,0.0,0.0,500,2398,Database of Religious History (DRH) [default],East Asia,-0.577270142423923,1.0,0.0,1.0,,1.0,0.0,1.0,1.0,0.0,1.0,1.0,A band,0.0
2321,0.0,0.0,0.0,0.0,0.0,0.0,0.0,0.0,0.0,0.0,1992,2399,Database of Religious History (DRH) [default],East Asia,0.8119651661778152,0.0,0.0,0.0,0.0,0.0,0.0,0.0,0.0,0.0,0.0,0.0,A state,1.0
2322,1.0,0.0,1.0,0.0,0.0,0.0,0.0,0.0,1.0,1.0,661,2400,Database of Religious History (DRH) [default],Southwest Asia,-0.4273593618040304,0.0,1.0,0.0,1.0,0.0,1.0,0.0,0.0,1.0,0.0,1.0,A state,1.0
2324,1.0,1.0,1.0,1.0,0.0,0.0,0.0,0.0,0.0,0.0,1970,459,Database of Religious History (DRH) [default],Africa,0.7914804632359665,1.0,0.0,1.0,0.0,1.0,0.0,1.0,1.0,0.0,1.0,0.0,A state,1.0
2325,0.0,0.0,0.0,0.0,0.0,0.0,0.0,0.0,0.0,0.0,-200,501,Database of Religious History (DRH) [default],East Asia,-1.2290561451191084,0.0,0.0,,,0.0,0.0,0.0,0.0,0.0,0.0,0.0,A band,0.0
2327,0.0,0.0,0.0,0.0,0.0,0.0,0.0,0.0,0.0,0.0,1900,2406,Database of Religious History (DRH) [default],Africa,0.7263018629664479,1.0,0.0,1.0,0.0,1.0,0.0,1.0,1.0,0.0,1.0,0.0,A tribe,0.0
2328,0.0,0.0,0.0,0.0,0.0,0.0,0.0,0.0,0.0,0.0,1991,2407,Database of Religious History (DRH) [default],East Asia,0.811034043316822,0.0,0.0,0.0,0.0,0.0,0.0,0.0,0.0,0.0,0.0,0.0,A state,1.0
2329,1.0,1.0,1.0,0.0,1.0,1.0,0.0,0.0,1.0,1.0,1937,2408,Database of Religious History (DRH) [default],Southeast Asia,0.7607534088231934,1.0,0.0,1.0,0.0,1.0,1.0,1.0,1.0,1.0,1.0,,A chiefdom,0.0
2330,0.0,0.0,0.0,0.0,0.0,0.0,0.0,0.0,0.0,1.0,1893,2256,Database of Religious History (DRH) [default],Africa,0.7197840029394961,1.0,0.0,1.0,0.0,1.0,0.0,1.0,1.0,0.0,1.0,0.0,,
2331,0.0,0.0,0.0,0.0,0.0,0.0,0.0,0.0,1.0,1.0,750,2409,Database of Religious History (DRH) [default],Southwest Asia,-0.3444894271756425,0.0,1.0,1.0,1.0,0.0,1.0,0.0,0.0,1.0,0.0,1.0,An empire,1.0
2333,0.0,0.0,0.0,0.0,0.0,0.0,0.0,0.0,0.0,0.0,1930,2417,Database of Religious History (DRH) [default],Africa,0.7542355487962417,1.0,0.0,1.0,1.0,1.0,0.0,1.0,1.0,0.0,0.0,0.0,A state,1.0
2335,,,,,,,0.0,,0.0,1.0,1914,1082,Database of Religious History (DRH) [default],Africa,0.7393375830203517,1.0,0.0,1.0,0.0,1.0,0.0,1.0,1.0,0.0,1.0,0.0,A state,1.0
2339,1.0,1.0,1.0,1.0,1.0,1.0,0.0,1.0,0.0,0.0,1100,2414,Database of Religious History (DRH) [default],Africa,-0.0185964258280497,1.0,0.0,1.0,1.0,1.0,0.0,1.0,1.0,0.0,1.0,0.0,A tribe,0.0
2341,,,,,,,0.0,,1.0,,600,2418,Database of Religious History (DRH) [default],North America,-0.4841578563246108,,1.0,,,,,,,,,,A state,1.0
2344,,,,,,,1.0,,1.0,1.0,900,2422,Database of Religious History (DRH) [default],South America,-0.2048209980266742,,,,,,,,,,,,A state,1.0
2346,0.0,0.0,0.0,0.0,0.0,0.0,0.0,0.0,0.0,0.0,1800,2428,Database of Religious History (DRH) [default],Africa,0.6331895768671357,0.0,0.0,0.0,0.0,0.0,0.0,0.0,0.0,0.0,0.0,1.0,A tribe,0.0
2347,0.0,0.0,0.0,0.0,0.0,0.0,0.0,0.0,0.0,0.0,1222,2417,Database of Religious History (DRH) [default],Africa,0.0950005632131111,1.0,0.0,1.0,1.0,1.0,0.0,1.0,1.0,0.0,1.0,0.0,,
2348,1.0,0.0,1.0,1.0,0.0,0.0,0.0,0.0,1.0,1.0,-1200,2424,Database of Religious History (DRH) [default],Southwest Asia,-2.1601790061122306,,,1.0,1.0,,0.0,1.0,0.0,0.0,,,A state,1.0
2349,0.0,0.0,0.0,0.0,0.0,0.0,0.0,0.0,0.0,0.0,1738,2426,Database of Religious History (DRH) [default],Africa,0.5754599594855622,1.0,0.0,1.0,1.0,1.0,0.0,1.0,1.0,0.0,1.0,0.0,An empire,1.0
2353,,,,,,,0.0,,0.0,0.0,1617,1419,Database of Religious History (DRH) [default],East Asia,0.4627940933053944,1.0,0.0,1.0,0.0,0.0,0.0,0.0,0.0,0.0,1.0,0.0,A state,1.0
2360,,,,,,,1.0,,0.0,1.0,600,2450,Database of Religious History (DRH) [default],North America,-0.4841578563246108,,,,,0.0,1.0,0.0,,,,,A state,1.0
2363,0.0,0.0,0.0,0.0,0.0,0.0,1.0,0.0,1.0,1.0,1940,2449,Database of Religious History (DRH) [default],Africa,0.7635467774061728,1.0,0.0,1.0,0.0,1.0,0.0,1.0,1.0,0.0,1.0,0.0,A band,0.0
2365,1.0,1.0,1.0,1.0,1.0,1.0,0.0,0.0,1.0,1.0,1502,2452,Database of Religious History (DRH) [default],Africa,0.3557149642911853,1.0,1.0,1.0,0.0,0.0,0.0,1.0,1.0,0.0,1.0,0.0,A state,1.0
2369,0.0,0.0,0.0,0.0,0.0,0.0,1.0,0.0,1.0,,1787,2456,Database of Religious History (DRH) [default],Africa,0.6210849796742252,1.0,0.0,1.0,1.0,1.0,1.0,1.0,1.0,1.0,1.0,0.0,A state,1.0
2371,0.0,0.0,0.0,0.0,0.0,0.0,0.0,0.0,0.0,0.0,1950,2458,Database of Religious History (DRH) [default],North America,0.7728580060161041,1.0,1.0,1.0,1.0,1.0,1.0,1.0,1.0,1.0,1.0,1.0,A tribe,0.0
2373,,,,,,,0.0,,0.0,1.0,1800,2459,Database of Religious History (DRH) [default],South America,0.6331895768671357,1.0,0.0,1.0,0.0,1.0,0.0,1.0,1.0,0.0,1.0,0.0,,
2375,0.0,1.0,1.0,0.0,0.0,0.0,0.0,0.0,1.0,1.0,1655,2462,Database of Religious History (DRH) [default],North America,0.498176762023133,1.0,0.0,1.0,0.0,0.0,0.0,1.0,0.0,0.0,1.0,0.0,An empire,1.0
2376,,,,,,,0.0,,0.0,1.0,1780,2463,Database of Religious History (DRH) [default],North America,0.6145671196472733,1.0,0.0,1.0,0.0,1.0,0.0,1.0,1.0,0.0,1.0,1.0,An empire,1.0
2407,,,,,,,0.0,,0.0,1.0,1760,2464,Database of Religious History (DRH) [default],South America,0.5959446624274108,1.0,0.0,1.0,0.0,0.0,0.0,1.0,1.0,0.0,1.0,0.0,,
2418,,,1.0,,,,,,1.0,1.0,100,2467,Database of Religious History (DRH) [default],South America,-0.949719286821172,,0.0,0.0,0.0,,,,,0.0,,,A chiefdom,0.0
2420,,,,,,,0.0,,0.0,0.0,1690,2469,Database of Religious History (DRH) [default],Europe,0.5307660621578923,1.0,0.0,1.0,0.0,1.0,0.0,1.0,1.0,0.0,1.0,0.0,A state,1.0
2428,0.0,0.0,0.0,0.0,0.0,0.0,0.0,0.0,1.0,1.0,1956,2471,Database of Religious History (DRH) [default],South Asia,0.7784447431820628,1.0,0.0,0.0,0.0,,0.0,0.0,1.0,0.0,1.0,0.0,,
2429,0.0,0.0,1.0,0.0,0.0,1.0,0.0,0.0,0.0,0.0,1676,2472,Database of Religious History (DRH) [default],Europe,0.5177303421039886,1.0,0.0,1.0,1.0,1.0,0.0,1.0,1.0,0.0,1.0,0.0,A state,1.0
2433,0.0,0.0,0.0,0.0,0.0,0.0,0.0,0.0,0.0,,-312,2475,Database of Religious History (DRH) [default],Southwest Asia,-1.3333419055503382,1.0,1.0,,0.0,1.0,0.0,1.0,,0.0,1.0,0.0,An empire,1.0
2445,1.0,1.0,1.0,1.0,1.0,0.0,0.0,,0.0,0.0,-400,1955,Database of Religious History (DRH) [default],Africa,-1.4152807173177329,1.0,1.0,,1.0,,0.0,1.0,1.0,0.0,,,A state,1.0
2451,0.0,0.0,1.0,1.0,0.0,1.0,0.0,1.0,0.0,0.0,328,2487,Database of Religious History (DRH) [default],Africa,-0.73742327451474,1.0,0.0,1.0,0.0,1.0,0.0,1.0,1.0,0.0,1.0,0.0,An empire,1.0
2455,,,,,,,0.0,,1.0,1.0,1800,2490,Database of Religious History (DRH) [default],North America,0.6331895768671357,1.0,0.0,1.0,0.0,1.0,0.0,1.0,1.0,0.0,1.0,0.0,,
2464,0.0,0.0,1.0,0.0,0.0,1.0,0.0,1.0,1.0,0.0,1898,2507,Database of Religious History (DRH) [default],Southeast Asia,0.7244396172444617,1.0,0.0,1.0,1.0,1.0,0.0,1.0,1.0,0.0,1.0,1.0,A state,1.0
2490,,,,,,,0.0,,1.0,0.0,660,2509,Database of Religious History (DRH) [default],Central Eurasia,-0.4282904846650235,0.0,0.0,1.0,0.0,1.0,0.0,1.0,0.0,0.0,1.0,1.0,A band,0.0
2496,0.0,0.0,0.0,0.0,0.0,0.0,0.0,0.0,0.0,0.0,0,141,Database of Religious History (DRH) [default],Southeast Asia,-1.042831572920484,0.0,0.0,,,0.0,0.0,1.0,0.0,0.0,0.0,0.0,,
2526,0.0,1.0,1.0,1.0,0.0,1.0,,1.0,1.0,1.0,250,2528,Database of Religious History (DRH) [default],North America,-0.8100508576722035,0.0,1.0,0.0,0.0,0.0,1.0,0.0,0.0,1.0,0.0,1.0,A state,1.0
2567,0.0,0.0,0.0,0.0,0.0,0.0,0.0,0.0,0.0,0.0,900,2452,Database of Religious History (DRH) [default],Africa,-0.2048209980266742,1.0,1.0,1.0,1.0,,0.0,,,0.0,,0.0,,
2614,0.0,0.0,0.0,0.0,0.0,0.0,0.0,0.0,1.0,1.0,1960,2590,Database of Religious History (DRH) [default],Africa,0.7821692346260353,1.0,0.0,1.0,1.0,1.0,1.0,1.0,1.0,0.0,1.0,0.0,A state,1.0
