entry_id,violent_external,food_taboos,year_scaled,world_region,tip_name,ID,Glottocode
174,1,0,-1.032460911855045,Southwest Asia,AA.SEMITIC.SYRIAC,SYRIAC,clas1252
212,0,0,-1.5244910287412394,East Asia,ST.CHINESE.OLD_CHINESE,OLD_CHINESE,oldc1244
230,1,0,-4.136605717069267,Southwest Asia,AA.SEMITIC.AKKADIAN_2,AKKADIAN_2,akka1240
231,0,0,-1.6347576651055655,Europe,IE.ROMANCE.CORSICAN,CORSICAN,cors1241
284,0,1,-4.321927794992504,Oceania-Australia,Aus.PAMA_NYUNGAN.DJAPU,DJAPU,nucl1333
354,0,0,-1.3845728599091955,Southwest Asia,AA.SEMITIC.AKKADIAN_2,AKKADIAN_2,akka1240
381,0,0,0.2823992310103224,South Asia,IE.INDIC.PUNJABI_MAJHI,PUNJABI_MAJHI,panj1256
389,0,0,0.6261716855579272,Southeast Asia,An.MALAYO_SUMBAWAN.IBAN,IBAN,iban1264
392,1,1,0.4093448543877398,South Asia,IE.INDIC.PUNJABI_MAJHI,PUNJABI_MAJHI,panj1256
400,0,0,0.7558971401041932,Southeast Asia,IE.GERMANIC.ENGLISH,ENGLISH,stan1293
415,0,1,0.7466310362080314,South Asia,IE.INDIC.HINDI,HINDI,hind1269
419,0,0,0.7466310362080314,South Asia,IE.INDIC.ORIYA,ORIYA,oriy1255
422,0,0,-2.468707015760133,Europe,Aus.PAMA_NYUNGAN.DJADJALA,DJADJALA,
424,1,0,-1.5884271456247565,Southwest Asia,AA.SEMITIC.ACHAEMENID_ARAMAIC,ACHAEMENID_ARAMAIC,jewi1240
441,0,0,0.4871801271154994,South Asia,IE.INDIC.URDU,URDU,urdu1245
456,0,1,-1.2316821456225249,Southwest Asia,AA.SEMITIC.BIBLICAL_HEBREW,BIBLICAL_HEBREW,anci1244
469,0,0,0.6965940751687574,East Asia,Kor.KOREAN.KOREAN,KOREAN,kore1280
476,1,1,-0.1521810417196686,Southeast Asia,An.MALAYO_SUMBAWAN.CHAM_EASTERN,CHAM_EASTERN,east2563
483,0,0,0.7883285037407597,Europe,IE.GERMANIC.ENGLISH,ENGLISH,stan1293
484,0,0,0.7883285037407597,Europe,IE.GERMANIC.ENGLISH,ENGLISH,stan1293
485,1,1,-0.6154862365277615,Europe,Ura.SAAMI.LULE_SAAMI,LULE_SAAMI,lule1254
486,0,0,0.6169055816617653,North America,IE.GERMANIC.ENGLISH,ENGLISH,stan1293
492,1,0,-1.8200797430288027,Europe,IE.ROMANCE.LATIN,LATIN,lati1261
520,1,1,0.4037851920500427,Southeast Asia,UA.AZTECAN.NAHUATL_SAN_JERONINO_AMANALCO,NAHUATL_SAN_JERONINO_AMANALCO,
525,0,0,0.7290254388053238,Africa,IE.GERMANIC.ENGLISH,ENGLISH,stan1293
534,1,0,-1.117709067699734,Europe,IE.ROMANCE.LATIN,LATIN,lati1261
563,0,0,0.6308047375060082,South Asia,IE.INDIC.HINDI,HINDI,hind1269
564,1,1,0.7280988284157076,South Asia,IE.INDIC.NEPALI,NEPALI,nepa1254
567,0,0,0.7753559582861331,Europe,IE.GERMANIC.ENGLISH,ENGLISH,stan1293
570,1,0,0.7614568024418903,Southeast Asia,IE.GERMANIC.ENGLISH,ENGLISH,stan1293
580,0,0,0.4964462310116612,South Asia,IE.INDIC.URDU,URDU,urdu1245
581,0,1,0.7466310362080314,Southeast Asia,An.NORTHWEST_SUMATRA_BARRIER_ISLANDS.MENTAWAI,MENTAWAI,ment1249
590,0,0,-0.4579624702930099,East Asia,ST.CHINESE.MIDDLE_CHINESE,MIDDLE_CHINESE,midd1344
592,0,1,0.0331410362035684,South Asia,IE.INDIC.URDU,URDU,urdu1245
623,0,0,0.6752820362075851,North America,IE.INDIC.HINDI,HINDI,hind1269
629,0,0,0.0331410362035684,South Asia,IE.INDIC.NEPALI,NEPALI,nepa1254
632,1,0,-1.681088184586375,Europe,IE.GREEK.GREEK_ANCIENT,GREEK_ANCIENT,anci1242
633,0,0,0.0683522310089835,South Asia,IE.INDIC.KONKANI,KONKANI,konk1267
645,0,1,-0.0595200027580501,South Asia,IE.INDIC.URDU,URDU,urdu1245
649,0,0,-0.4301641586045243,South Asia,Dra.SOUTHERN_DRAVIDIAN.TAMIL,TAMIL,tami1289
654,1,1,0.031287815424336,Europe,IE.ROMANCE.LATIN,LATIN,lati1261
676,0,1,0.031287815424336,Europe,IE.ROMANCE.LATIN,LATIN,lati1261
680,0,0,0.6354377894540891,South Asia,IE.INDIC.URDU,URDU,urdu1245
685,0,0,0.7188327245195458,Southeast Asia,An.SAMA_BAJAW.SIBUTU_SOUTHERN_SAMA,SIBUTU_SOUTHERN_SAMA,sout2918
688,0,0,0.650263555687948,South Asia,IE.INDIC.KONKANI,KONKANI,konk1267
690,0,0,0.6632361011425747,South Asia,IE.INDIC.KONKANI,KONKANI,konk1267
714,0,1,-0.5691557170469522,South Asia,Dra.SOUTHERN_DRAVIDIAN.TAMIL,TAMIL,tami1289
726,0,1,-1.7274187040671842,South Asia,IE.INDIC.SANSKRIT,SANSKRIT,sans1269
727,1,1,-0.0039233793810789,Southeast Asia,An.MALAYO_SUMBAWAN.CHRU,CHRU,chru1239
739,1,0,0.6678691530906555,Oceania-Australia,An.OCEANIC.MAUTUTU,MAUTUTU,naka1262
745,1,0,0.6447038933502509,Oceania-Australia,An.OCEANIC.HALIA,HALIA,hali1244
749,0,1,0.5891072699732798,East Asia,Kor.KOREAN.KOREAN,KOREAN,kore1280
755,1,1,0.6354377894540891,Central Eurasia,Alt.TURKIC.UYGHUR,UYGHUR,uigh1240
770,1,0,0.700300516727222,Southeast Asia,TK.KAM_TAI.LAMPANG_THAI,LAMPANG_THAI,nort2740
788,0,0,-2.468707015760133,Southwest Asia,AA.SEMITIC.UGARITIC,UGARITIC,ugar1238
794,1,1,0.6261716855579272,North America,IE.GERMANIC.ENGLISH,ENGLISH,stan1293
834,0,0,0.7577503608834256,Southeast Asia,AuA.VIET_MUONG.VIETNAMESE_3,VIETNAMESE_3,viet1252
841,0,0,-0.0845384832776871,South Asia,ST.BODIC.TIBETAN_WRITTEN,TIBETAN_WRITTEN,tibe1272
842,0,0,0.5242445427001469,North America,IE.GERMANIC.ENGLISH,ENGLISH,stan1293
846,0,1,-0.4811277300334146,East Asia,ST.CHINESE.MIDDLE_CHINESE,MIDDLE_CHINESE,midd1344
848,0,1,-1.2641135092590914,Southwest Asia,AA.SEMITIC.ACHAEMENID_ARAMAIC,ACHAEMENID_ARAMAIC,jewi1240
849,0,0,0.5427767504924705,North America,Iro.NORTHERN_IROQUOIAN.SENECA,SENECA,sene1264
850,1,1,-1.6347576651055655,Europe,Aus.PAMA_NYUNGAN.DJADJALA,DJADJALA,
851,1,1,0.6808416985452822,North America,IE.GERMANIC.ENGLISH,ENGLISH,stan1293
854,1,1,-1.4494355871823286,Europe,IE.CELTIC.OLD_IRISH,OLD_IRISH,oldi1245
857,0,0,0.5316574258170763,Africa,IE.ROMANCE.SPANISH,SPANISH,stan1288
858,1,1,-0.9259007170491836,Europe,AA.SEMITIC.CLASSICAL_SYRIAC,CLASSICAL_SYRIAC,clas1252
859,0,0,-0.9536990287376692,Europe,AA.SEMITIC.ACHAEMENID_ARAMAIC,ACHAEMENID_ARAMAIC,jewi1240
862,0,0,0.6882545816622117,South Asia,IE.GERMANIC.ENGLISH,ENGLISH,stan1293
863,0,1,-1.5884271456247565,Europe,AA.SEMITIC.ACHAEMENID_ARAMAIC,ACHAEMENID_ARAMAIC,jewi1240
867,0,0,0.0331410362035684,South Asia,ST.BODIC.TIBETAN_WRITTEN,TIBETAN_WRITTEN,tibe1272
871,0,0,0.6335845686748567,Europe,IE.GERMANIC.ENGLISH,ENGLISH,stan1293
877,0,0,0.7642366336107389,Southeast Asia,TK.KAM_TAI.THAI_3,THAI_3,thai1261
880,1,1,0.6539699972464128,Southwest Asia,AA.SEMITIC.YEMEN_SANAANI_ARABIC,YEMEN_SANAANI_ARABIC,sana1295
882,0,0,-1.4957661066631378,Europe,AA.SEMITIC.ACHAEMENID_ARAMAIC,ACHAEMENID_ARAMAIC,jewi1240
883,0,0,0.7271722180260914,Central Eurasia,ST.CHINESE.KUNMING_MANDARIN,KUNMING_MANDARIN,mand1415
885,0,1,0.7373649323118695,Africa,NC.KWA.FONGBE,FONGBE,fonn1241
886,0,1,0.7651632440003551,Europe,IE.GERMANIC.ENGLISH,ENGLISH,stan1293
891,0,1,0.7336584907534047,South America,IE.ROMANCE.SPANISH,SPANISH,stan1288
892,0,0,0.7373649323118695,North America,IE.GERMANIC.ENGLISH,ENGLISH,stan1293
897,0,1,0.7077133998441516,East Asia,Kor.KOREAN.KOREAN,KOREAN,kore1280
900,1,1,-1.217782989778282,Southwest Asia,AA.SEMITIC.ACHAEMENID_ARAMAIC,ACHAEMENID_ARAMAIC,jewi1240
906,0,0,0.740144763480718,Europe,IE.GERMANIC.ENGLISH,ENGLISH,stan1293
910,0,0,0.744777815428799,North America,IE.ROMANCE.PORTUGUESE,PORTUGUESE,port1283
914,0,0,0.0868844388013072,Africa,IE.ROMANCE.SPANISH,SPANISH,stan1288
919,0,0,0.769796295948436,Europe,IE.SLAVIC.CROATIAN,CROATIAN,croa1245
921,0,1,0.4964462310116612,South Asia,IE.INDIC.HINDI,HINDI,hind1269
924,1,1,0.6382176206229376,Africa,AA.SEMITIC.ARABIC_QURANIC,ARABIC_QURANIC,stan1318
927,1,1,-1.0787914313358542,Southwest Asia,AA.SEMITIC.ACHAEMENID_ARAMAIC,ACHAEMENID_ARAMAIC,jewi1240
928,0,0,0.6447038933502509,North America,Sio.SIOUAN.LAKHOTA,LAKHOTA,lako1247
931,1,0,0.385252984257719,Europe,IE.GERMANIC.ENGLISH,ENGLISH,stan1293
933,0,0,-0.9453595352311236,Europe,AA.SEMITIC.ACHAEMENID_ARAMAIC,ACHAEMENID_ARAMAIC,jewi1240
935,1,0,0.6910344128310603,Africa,NC.DEFOID.YORUBA,YORUBA,yoru1245
938,1,0,-2.561368054721751,Southwest Asia,AA.SEMITIC.UGARITIC,UGARITIC,ugar1238
940,1,0,-1.107516353413956,Europe,IE.ROMANCE.LATIN,LATIN,lati1261
941,0,1,0.4037851920500427,East Asia,UA.AZTECAN.NAHUATL_ZAHUASTIPAN_SAN_AUGUSTIN_METZQUITITLAN,NAHUATL_ZAHUASTIPAN_SAN_AUGUSTIN_METZQUITITLAN,
942,0,0,0.6039330362071388,Africa,IE.ROMANCE.PORTUGUESE,PORTUGUESE,port1283
943,1,0,0.5446299712717029,North America,EA.ESKIMO.INUKTITUT_EASTERN_CANADIAN,INUKTITUT_EASTERN_CANADIAN,east2534
944,1,0,0.4223173998423664,Europe,IE.SLAVIC.POLISH,POLISH,poli1260
946,1,0,-0.4301641586045243,South Asia,ST.BODIC.LHASA_TIBETAN,LHASA_TIBETAN,tibe1272
949,0,0,0.740144763480718,North America,IE.GERMANIC.ENGLISH,ENGLISH,stan1293
950,0,0,0.4519689323100843,Africa,NC.BANTOID.PEMBA,PEMBA,swah1253
952,0,1,0.7558971401041932,Southwest Asia,AA.SEMITIC.AMHARIC,AMHARIC,amha1245
953,0,0,0.7512640881561122,South Asia,IE.INDIC.URDU,URDU,urdu1245
957,0,0,-1.8200797430288027,Europe,UA.AZTECAN.NAHUATL_SAN_FRANCISCO_TLALNEPANTLA,NAHUATL_SAN_FRANCISCO_TLALNEPANTLA,
958,1,0,0.3481885686730716,Europe,IE.ROMANCE.LATIN,LATIN,lati1261
960,0,0,-0.1521810417196686,South Asia,ST.BODIC.LHASA_TIBETAN,LHASA_TIBETAN,tibe1272
961,0,0,0.6678691530906555,Europe,IE.ROMANCE.ROMANIAN,ROMANIAN,roma1327
962,1,1,0.2184631141268055,East Asia,ST.BODIC.MAQU_TIBETAN,MAQU_TIBETAN,amdo1237
963,1,1,-0.0419144053553425,Europe,IE.ROMANCE.LATIN,LATIN,lati1261
966,1,1,0.1424810621782783,Central Eurasia,Alt.TURKIC.TURKMEN,TURKMEN,turk1304
969,0,0,0.6734288154283526,South Asia,Dra.SOUTHERN_DRAVIDIAN.TAMIL,TAMIL,tami1289
971,1,0,-0.6154862365277615,South Asia,IE.INDIC.SANSKRIT,SANSKRIT,sans1269
972,1,0,-0.6794223534112783,Southwest Asia,AA.SEMITIC.CLASSICAL_SYRIAC,CLASSICAL_SYRIAC,clas1252
973,1,1,0.6308047375060082,South Asia,IE.INDIC.SADRI,SADRI,sadr1248
974,1,0,0.0368474777620331,Southwest Asia,AA.EGYPTIAN_COPTIC.MIDDLE_EGYPTIAN,MIDDLE_EGYPTIAN,
975,0,0,0.7558971401041932,North America,IE.GERMANIC.ENGLISH,ENGLISH,stan1293
976,0,0,0.021095101138558,South Asia,IE.INDIC.ASSAMESE,ASSAMESE,assa1263
978,0,0,0.3111241530884241,Southeast Asia,IE.ROMANCE.LATIN,LATIN,lati1261
980,0,0,0.0099757764631638,East Asia,Jap.JAPANESE.TOKYO_JAPANESE,TOKYO_JAPANESE,nucl1643
982,1,1,-1.5411700157543309,Southwest Asia,IE.GREEK.GREEK_ANCIENT,GREEK_ANCIENT,anci1242
983,0,0,-0.5228251975661429,South Asia,ST.BODIC.SHERPA,SHERPA,sher1255
984,0,0,0.3296563608807478,Europe,IE.ROMANCE.FRENCH,FRENCH,stan1290
985,0,0,-0.0521071196411206,Europe,IE.ROMANCE.LATIN,LATIN,lati1261
986,0,0,-0.9397998728934264,Europe,IE.ROMANCE.LATIN,LATIN,lati1261
987,0,0,0.4037851920500427,South Asia,IE.INDIC.GUJARATI,GUJARATI,guja1252
988,0,0,0.6187588024409978,North America,IE.GERMANIC.ENGLISH,ENGLISH,stan1293
989,0,0,0.7077133998441516,Europe,IE.ROMANCE.FRENCH,FRENCH,stan1290
991,0,0,0.7225391660780105,North America,IE.GERMANIC.ENGLISH,ENGLISH,stan1293
993,1,0,-1.7385380287425785,Europe,IE.ROMANCE.LATIN,LATIN,lati1261
994,1,1,-0.773010002762513,Africa,AA.SEMITIC.SYRIAC_2,SYRIAC_2,clas1252
1004,1,0,-1.2641135092590914,Europe,AA.SEMITIC.BIBLICAL_HEBREW,BIBLICAL_HEBREW,anci1244
1011,1,1,-1.8200797430288027,Southwest Asia,AA.SEMITIC.BIBLICAL_HEBREW,BIBLICAL_HEBREW,anci1244
1028,1,1,-0.0595200027580501,Europe,AA.SEMITIC.BIBLICAL_HEBREW,BIBLICAL_HEBREW,anci1244
1038,0,1,0.4445560491931548,East Asia,Chi.DORASKE.DORASQUE,DORASQUE,
1041,0,0,0.4037851920500427,East Asia,Kor.KOREAN.KOREAN,KOREAN,kore1280
1043,1,1,0.3111241530884241,Southeast Asia,An.MALAYO_SUMBAWAN.ACEH,ACEH,achi1257
1071,0,0,0.7753559582861331,Africa,IE.ROMANCE.PORTUGUESE,PORTUGUESE,port1283
1076,1,1,0.3667207764653952,South Asia,IE.ROMANCE.LATIN,LATIN,lati1261
1087,1,0,-0.1809059637977704,Europe,IE.SLAVIC.BULGARIAN,BULGARIAN,bulg1262
1127,0,0,0.6725022050387365,East Asia,Kor.KOREAN.KOREAN,KOREAN,kore1280
1129,1,0,-1.7274187040671842,Europe,IE.GREEK.GREEK_ANCIENT,GREEK_ANCIENT,anci1242
1140,0,0,-0.8749371456202935,East Asia,UA.AZTECAN.NAHUATL_XALATZALA_TLAPA,NAHUATL_XALATZALA_TLAPA,
1162,0,0,-0.7081472754893801,East Asia,Tup.TUPI_GUARANI.GUARANI_ANTIGO,GUARANI_ANTIGO,
1178,0,0,0.7716495167276683,South America,IE.ROMANCE.FRENCH,FRENCH,stan1290
1180,1,1,0.4037851920500427,Southeast Asia,An.NORTHWEST_SUMATRA_BARRIER_ISLANDS.BATAK_MANDAILING,BATAK_MANDAILING,bata1291
1191,0,1,-1.35677454822071,Africa,AA.SEMITIC.BIBLICAL_HEBREW,BIBLICAL_HEBREW,anci1244
1192,1,1,0.7234657764676267,Southeast Asia,An.BARITO.SAMIHIM,SAMIHIM,maan1238
1229,0,0,0.7280988284157076,Central Eurasia,ST.CHINESE.MANDARIN_2,MANDARIN_2,mand1415
1231,0,0,-0.0595200027580501,East Asia,ST.CHINESE.MANDARIN_2,MANDARIN_2,mand1415
1247,0,1,0.6678691530906555,North America,IE.ROMANCE.FRENCH,FRENCH,stan1290
1248,0,0,-2.9060671196589727,Southwest Asia,AA.SEMITIC.AKKADIAN_2,AKKADIAN_2,akka1240
1249,0,0,-1.3512148858830129,Europe,IE.GREEK.GREEK,GREEK,mode1248
1258,1,1,-2.00540182095204,Southwest Asia,AA.SEMITIC.BIBLICAL_HEBREW,BIBLICAL_HEBREW,anci1244
1279,1,1,0.3972989193227293,Southeast Asia,An.SOUTH_SULAWESI.MANDAR,MANDAR,mand1442
1281,1,1,0.6910344128310603,Africa,Krd.HEIBAN.UTORO,UTORO,otor1240
1283,1,1,0.3111241530884241,Southeast Asia,An.CELEBIC.WOLIO,WOLIO,woli1241
1289,1,1,0.3111241530884241,Southeast Asia,An.SOUTH_SULAWESI.SOPPENG_BUGINESE,SOPPENG_BUGINESE,bugi1244
1295,1,0,-0.7906156001652206,Africa,IE.ROMANCE.LATIN,LATIN,lati1261
1300,1,0,0.7651632440003551,North America,IE.ROMANCE.SPANISH,SPANISH,stan1288
1303,0,0,-2.3760459767985145,Southwest Asia,AA.SEMITIC.AKKADIAN,AKKADIAN,akka1240
1304,0,0,0.6586030491944938,North America,IE.GERMANIC.ENGLISH,ENGLISH,stan1293
1307,0,0,0.6308047375060082,North America,IE.GERMANIC.ENGLISH,ENGLISH,stan1293
1333,0,0,-0.9397998728934264,Europe,AA.SEMITIC.SYRIAC_2,SYRIAC_2,clas1252
1335,0,0,0.380619932309638,Europe,IE.ROMANCE.LATIN,LATIN,lati1261
1340,0,1,0.7345851011430209,Europe,IE.ROMANCE.FRENCH,FRENCH,stan1290
1344,0,0,0.6261716855579272,East Asia,ST.BODIC.LHASA_TIBETAN,LHASA_TIBETAN,tibe1272
1348,1,0,0.7855486725719112,Southwest Asia,AA.SEMITIC.HEBREW,HEBREW,hebr1245
1352,0,0,-1.076938210556622,South Asia,IE.INDIC.SANSKRIT,SANSKRIT,sans1269
1370,1,1,0.7141996725714649,Africa,IE.ROMANCE.FRENCH,FRENCH,stan1290
1371,1,1,0.754970529714577,Southwest Asia,IE.IRANIAN.PERSIAN,PERSIAN,west2369
1374,1,0,0.3667207764653952,Europe,IE.ROMANCE.FRENCH,FRENCH,stan1290
1376,0,1,0.6817683089348984,Africa,NC.BANTOID.SOTHO_SUD,SOTHO_SUD,sout2807
1390,1,1,0.64007084140217,North America,NDe.ATHAPASKAN.JICARILLA_APACHE,JICARILLA_APACHE,jica1244
1392,0,0,-0.7452116910740274,Southwest Asia,AA.SEMITIC.SYRIAC_2,SYRIAC_2,clas1252
1396,0,0,-1.3604809897791748,Africa,Aus.PAMA_NYUNGAN.YITHA_YITHA,YITHA_YITHA,
1400,1,1,-0.8008083144509985,East Asia,Pay.PAYAGUA.PAYAGUA,PAYAGUA,
1412,0,0,0.6243184647786949,Central Eurasia,Jap.JAPANESE.TOKYO_JAPANESE,TOKYO_JAPANESE,nucl1643
1415,1,0,-0.7544777949701893,Europe,Aus.PAMA_NYUNGAN.BIRRDHAWAL,BIRRDHAWAL,
1420,1,1,0.575208114129037,North America,Mus.MUSKOGEAN.MIKASUKI,MIKASUKI,mika1239
1474,1,1,0.7234657764676267,South America,Pan.PANOAN.YAMINAWA,YAMINAWA,yami1256
1495,0,0,0.7716495167276683,Europe,IE.GERMANIC.ENGLISH,ENGLISH,stan1293
1511,1,1,0.5928137115317446,Africa,AA.WEST_CHADIC.KANO,KANO,haus1257
1517,0,0,0.715126282961081,Africa,IE.ROMANCE.FRENCH,FRENCH,stan1290
1522,1,0,0.5715016725705723,Africa,UA.AZTECAN.NAHUATL_XOCHIATIPAN,NAHUATL_XOCHIATIPAN,
1544,1,0,0.4000787504915779,Europe,IE.SLAVIC.OLD_CHURCH_SLAVONIC,OLD_CHURCH_SLAVONIC,chur1257
1555,1,1,0.7466310362080314,Southwest Asia,May.MAYAN.TZOTZIL_ZINACANTAN_1600,TZOTZIL_ZINACANTAN_1600,
1570,0,1,0.6817683089348984,South Asia,IE.GERMANIC.ENGLISH,ENGLISH,stan1293
1574,0,0,-2.932012210568226,Southwest Asia,AA.SEMITIC.AKKADIAN,AKKADIAN,akka1240
1619,1,0,0.0331410362035684,Europe,AA.SEMITIC.AKKADIAN_2,AKKADIAN_2,akka1240
1621,1,0,0.4964462310116612,Europe,AA.SEMITIC.AKKADIAN_2,AKKADIAN_2,akka1240
1654,1,0,0.7568237504938095,Africa,UA.AZTECAN.NAHUATL_TLALNEPANTLA_TAMAZUNCHALE,NAHUATL_TLALNEPANTLA_TAMAZUNCHALE,
1677,1,0,-2.6076985742025607,Southwest Asia,AA.SEMITIC.AKKADIAN_2,AKKADIAN_2,akka1240
1734,0,0,-2.561368054721751,South America,OM.ZAPOTECAN.ZAPOTEC_1578,ZAPOTEC_1578,
1869,0,1,0.7095666206233839,Africa,NC.DEFOID.YORUBA,YORUBA,yoru1245
1908,1,0,-0.0595200027580501,East Asia,Jap.JAPANESE.TOKYO_JAPANESE,TOKYO_JAPANESE,nucl1643
1966,0,0,0.7484842569872637,Africa,IE.GERMANIC.ENGLISH,ENGLISH,stan1293
1972,0,0,0.7466310362080314,North America,UA.AZTECAN.NAHUATL_SAN_PEDRO_JICORA,NAHUATL_SAN_PEDRO_JICORA,
1974,0,0,0.7642366336107389,Africa,IE.GERMANIC.ENGLISH,ENGLISH,stan1293
1978,0,0,0.7419979842599504,East Asia,ST.CHINESE.CANTONESE,CANTONESE,yuec1235
1983,0,0,-0.7081472754893801,Southwest Asia,TC.TIMOTE_CUICA.CUICA,CUICA,
1985,0,0,-1.047286678088904,Southwest Asia,UA.AZTECAN.NAHUATL_AMILCINGO_ZACUALPAN,NAHUATL_AMILCINGO_ZACUALPAN,
1993,1,0,-1.6347576651055655,Europe,Aus.PAMA_NYUNGAN.GUYAMBAL,GUYAMBAL,
1994,0,0,0.744777815428799,Africa,IE.GERMANIC.ENGLISH,ENGLISH,stan1293
2000,0,0,0.7123464517922324,Africa,NC.DEFOID.OKA,OKA,yoru1245
2003,1,0,0.6947408543895249,Africa,IE.GERMANIC.ENGLISH,ENGLISH,stan1293
2006,0,0,0.7484842569872637,Africa,NC.DEFOID.YORUBA,YORUBA,yoru1245
2009,1,0,-1.8200797430288027,Europe,Arw.NORTHERN_ARAWAKAN.GUINAU,GUINAU,
2010,1,0,0.0702054517882158,Europe,Aus.PAMA_NYUNGAN.YITHA_YITHA,YITHA_YITHA,
2011,0,0,0.6678691530906555,Africa,IE.GERMANIC.ENGLISH,ENGLISH,stan1293
2016,1,0,-0.2365025871747415,Southwest Asia,TC.TIMOTE_CUICA.MIRRIPU_TIMOTE,MIRRIPU_TIMOTE,
2021,1,0,0.6864013608829793,Africa,IE.GERMANIC.ENGLISH,ENGLISH,stan1293
2023,1,0,-0.179052743018538,Africa,Tup.TUPI_GUARANI.GUARANI_ANTIGO,GUARANI_ANTIGO,
2038,1,0,-0.1521810417196686,Europe,AA.SEMITIC.OGADEN_ARABIC,OGADEN_ARABIC,
2051,0,0,0.794814776468073,Southeast Asia,Hur.HUARPE.MILLCAYAC,MILLCAYAC,
2052,0,0,0.7670164647795874,Africa,NC.DEFOID.OKA,OKA,yoru1245
2054,0,0,0.6984472959479897,Africa,NC.DEFOID.YORUBA,YORUBA,yoru1245
2061,0,1,0.5891072699732798,Africa,NC.DEFOID.YORUBA,YORUBA,yoru1245
2069,1,1,0.7457044258184151,Africa,May.MAYAN.CHOLTI,CHOLTI,
2070,0,0,0.7772091790653655,Africa,NC.DEFOID.YORUBA,YORUBA,yoru1245
2074,0,0,0.6864013608829793,Africa,UA.AZTECAN.NAHUATL_REYES_DE_VALLARTA_TUZAMAPAN,NAHUATL_REYES_DE_VALLARTA_TUZAMAPAN,
2084,0,0,0.7558971401041932,Africa,Aus.PAMA_NYUNGAN.BIRRDHAWAL,BIRRDHAWAL,
2089,1,1,0.7503374777664961,Africa,Tot.TOTONACAN.TOTONAC_OZELONACAXTLA,TOTONAC_OZELONACAXTLA,
2104,0,0,0.4964462310116612,Africa,An.OCEANIC.TAHITIAN_18TH_CENTURY,TAHITIAN_18TH_CENTURY,
2111,1,0,-0.4301641586045243,Africa,NC.PLATOID.KWANKA,KWANKA,
2114,0,0,0.6233918543890786,Africa,UA.AZTECAN.NAHUATL_MONTEGRANDE_PLATON_SANCHEZ,NAHUATL_MONTEGRANDE_PLATON_SANCHEZ,
2116,0,0,0.5928137115317446,Africa,AA.WEST_CHADIC.DYARIM,DYARIM,
2122,0,0,0.7540439193249608,Africa,Tot.TOTONACAN.TOTONAC_OLINTLA,TOTONAC_OLINTLA,
2126,0,0,0.759603581662658,Africa,IE.GERMANIC.ENGLISH,ENGLISH,stan1293
2133,0,0,0.7030803478960707,Africa,NC.DEFOID.YORUBA,YORUBA,yoru1245
2138,1,0,0.6965940751687574,Africa,IE.GERMANIC.ENGLISH,ENGLISH,stan1293
2139,1,0,0.7558971401041932,Africa,IE.GERMANIC.ENGLISH,ENGLISH,stan1293
2141,1,0,0.7762825686757493,Africa,Aus.PAMA_NYUNGAN.KERAMIN,KERAMIN,
2146,0,0,0.6539699972464128,East Asia,Jap.JAPANESE.EI_JAPANESE,EI_JAPANESE,nucl1643
2147,1,0,0.0600127375024378,Africa,Aus.PAMA_NYUNGAN.DJADJALA,DJADJALA,
2149,0,1,-0.773010002762513,Europe,AA.SEMITIC.BIBLICAL_HEBREW,BIBLICAL_HEBREW,anci1244
2160,1,1,-0.8471388339318079,Southwest Asia,An.OCEANIC.TAHITIAN_18TH_CENTURY,TAHITIAN_18TH_CENTURY,
2178,0,0,0.6984472959479897,Africa,NC.DEFOID.YORUBA,YORUBA,yoru1245
2194,0,0,0.7299520491949401,Africa,IE.GERMANIC.ENGLISH,ENGLISH,stan1293
2203,0,0,-1.5198579767931586,East Asia,NC.BANTOID.CUNG,CUNG,
2209,0,0,0.6280249063371596,Africa,NC.DEFOID.YORUBA,YORUBA,yoru1245
2210,0,1,0.7568237504938095,Africa,IE.GERMANIC.ENGLISH,ENGLISH,stan1293
2228,1,0,0.7484842569872637,Africa,IE.GERMANIC.ENGLISH,ENGLISH,stan1293
2238,0,0,0.4964462310116612,Africa,Aus.PAMA_NYUNGAN.THAWA,THAWA,
2241,1,0,-1.7737492235479937,Europe,IE.ROMANCE.LATIN,LATIN,lati1261
2244,1,0,0.0368474777620331,Europe,MZ.MIXE_ZOQUE.ULTERIOR_MIXE_C,ULTERIOR_MIXE_C,
2245,1,0,-0.4746414573061012,Europe,UA.AZTECAN.NAHUATL_XALPATLAHUAC,NAHUATL_XALPATLAHUAC,
2246,1,0,-0.3198975222401982,Africa,UA.AZTECAN.NAHUATL_AYOTOXCO,NAHUATL_AYOTOXCO,
2247,1,1,-0.4792745092541822,Africa,AA.SEMITIC.ARAMAIC_ANCIENT,ARAMAIC_ANCIENT,
2248,0,0,0.4325101141281444,Africa,UA.AZTECAN.NAHUATL_LA_REFORMA_TEPEHUACAN_DE_GUERRERO,NAHUATL_LA_REFORMA_TEPEHUACAN_DE_GUERRERO,
2256,0,0,0.4964462310116612,Africa,Hur.HUARPE.ALLENTIAC,ALLENTIAC,
2266,0,0,-1.6078859638066962,East Asia,ST.CHINESE.OLD_CHINESE,OLD_CHINESE,oldc1244
2271,1,0,0.7410713738703343,Africa,NC.DEFOID.OKA,OKA,yoru1245
2273,0,0,0.1174625816586413,East Asia,Aus.PAMA_NYUNGAN.YITHA_YITHA,YITHA_YITHA,
2274,0,0,0.700300516727222,Africa,NC.DEFOID.OKA,OKA,yoru1245
2278,0,0,0.4964462310116612,Africa,UA.AZTECAN.NAHUATL_IXHUATLAN_DE_MADERO,NAHUATL_IXHUATLAN_DE_MADERO,
2279,0,0,0.6725022050387365,Africa,May.MAYAN.TZOTZIL_ZINACANTAN_1600,TZOTZIL_ZINACANTAN_1600,
2283,0,0,-0.8165606910744737,East Asia,Hur.HUARPE.ALLENTIAC,ALLENTIAC,
2290,0,0,0.0331410362035684,Africa,MZ.MIXE_ZOQUE.ULTERIOR_MIXE_C,ULTERIOR_MIXE_C,
2297,1,0,0.0081225556839314,Europe,IE.GERMANIC.ENGLISH,ENGLISH,stan1293
2299,1,0,-0.0595200027580501,Southwest Asia,OM.ZAPOTECAN.ZAPOTEC_1578,ZAPOTEC_1578,
2308,1,0,-0.4199714443187463,Europe,An.OCEANIC.TAPE,TAPE,
2309,1,0,-0.3782739767860179,Europe,MZ.MIXE_ZOQUE.ULTERIOR_MIXE_C,ULTERIOR_MIXE_C,
2312,1,0,-2.7466901326449884,Africa,IE.GERMANIC.ENGLISH,ENGLISH,stan1293
2313,0,0,-0.5228251975661429,Central Eurasia,ST.CHINESE.MIDDLE_CHINESE,MIDDLE_CHINESE,midd1344
2320,0,1,-0.6154862365277615,East Asia,AA.EGYPTIAN_COPTIC.MIDDLE_EGYPTIAN,MIDDLE_EGYPTIAN,
2321,0,0,0.7670164647795874,East Asia,UA.AZTECAN.NAHUATL_CHILOCOYO_HUEHUETLA,NAHUATL_CHILOCOYO_HUEHUETLA,
2322,1,0,-0.4663019637995556,Southwest Asia,Hur.HUARPE.ALLENTIAC,ALLENTIAC,
2324,0,1,0.7466310362080314,Africa,UA.AZTECAN.NAHUATL_XAALITLA_TEPECUAUILCO,NAHUATL_XAALITLA_TEPECUAUILCO,
2325,0,0,-1.2641135092590914,East Asia,TAP.GREATER_ALOR.KAWA,KAWA,
2327,0,0,0.6817683089348984,Africa,NC.DEFOID.YORUBA,YORUBA,yoru1245
2328,0,0,0.7660898543899712,East Asia,Aus.PAMA_NYUNGAN.THAWA,THAWA,
2329,1,0,0.7160528933506972,Southeast Asia,AuA.VIET_MUONG.VIETNAMESE_2,VIETNAMESE_2,viet1252
2330,0,0,0.6752820362075851,Africa,IE.GERMANIC.ENGLISH,ENGLISH,stan1293
2331,1,0,-0.383833639123715,Southwest Asia,Aus.PAMA_NYUNGAN.THAWA,THAWA,
2333,0,0,0.7095666206233839,Africa,IE.GERMANIC.ENGLISH,ENGLISH,stan1293
2339,0,1,-0.0595200027580501,Africa,NC.DEFOID.OKA,OKA,yoru1245
2346,0,0,0.5891072699732798,Africa,UA.AZTECAN.NAHUATL_COYOTEPEC,NAHUATL_COYOTEPEC,
2347,0,0,0.0535264647751245,Africa,Jap.JAPANESE.JAPANESE,JAPANESE,nucl1643
2348,1,1,-2.190723898875277,Southwest Asia,AA.SEMITIC.BIBLICAL_HEBREW,BIBLICAL_HEBREW,anci1244
2349,0,0,0.5316574258170763,Africa,IE.GERMANIC.ENGLISH,ENGLISH,stan1293
2363,1,0,0.7188327245195458,Africa,TC.TIMOTE_CUICA.CUICA,CUICA,
2365,1,1,0.3129773738676565,Africa,Hur.HUARPE.ALLENTIAC,ALLENTIAC,
2369,1,0,0.5770613349082694,Africa,TAP.GREATER_ALOR.SAR_INDONESIA,SAR_INDONESIA,
2371,0,0,0.7280988284157076,North America,Aus.PAMA_NYUNGAN.OMEO,OMEO,
2375,1,0,0.4547487634789329,North America,IE.GERMANIC.ENGLISH,ENGLISH,stan1293
2428,1,0,0.7336584907534047,South Asia,IE.GERMANIC.ENGLISH,ENGLISH,stan1293
2429,0,0,0.4742075816608728,Europe,Aus.PAMA_NYUNGAN.BARRANBIYA,BARRANBIYA,
2433,0,0,-1.367893872896104,Southwest Asia,UA.AZTECAN.NAHUATL_HUEYAPAN_TETELA_DEL_VOLCAN,NAHUATL_HUEYAPAN_TETELA_DEL_VOLCAN,
2445,0,1,-1.4494355871823286,Africa,UA.AZTECAN.NAHUATL_AYOTOXCO,NAHUATL_AYOTOXCO,
2451,0,1,-0.7748632235417454,Africa,IE.GERMANIC.ENGLISH,ENGLISH,stan1293
2464,1,0,0.679915088155666,Southeast Asia,IE.GERMANIC.ENGLISH,ENGLISH,stan1293
2496,0,0,-1.0787914313358542,Southeast Asia,Hur.HUARPE.ALLENTIAC,ALLENTIAC,
2526,1,1,-0.8471388339318079,North America,May.MAYAN.CHONTAL_TABASCO,CHONTAL_TABASCO,taba1266
2567,0,0,-0.2448420806812872,Africa,OM.ZAPOTECAN.ZAPOTEC_1578,ZAPOTEC_1578,
2614,1,0,0.7373649323118695,Africa,AA.WEST_CHADIC.KANO,KANO,haus1257
