entry_id,violent_external,extra_ritual_group_markers,year_scaled,world_region,tip_name
173,0,0,-0.95456029920717,Southwest Asia,IE.GREEK.GREEK_ANCIENT
174,1,0,-0.991699173674326,Southwest Asia,AA.SEMITIC.CLASSICAL_SYRIAC
180,0,1,-1.3630879183458875,East Asia,ST.CHINESE.OLD_CHINESE
212,0,0,-1.484717732225824,East Asia,ST.CHINESE.OLD_CHINESE
217,0,0,-1.22567408281741,Europe,IE.ROMANCE.LATIN
222,1,1,-0.4810396497509288,North America,May.MAYAN.CHOL_TILA
230,1,0,-4.102079910298655,Southwest Asia,AA.SEMITIC.AKKADIAN
231,0,0,-1.5952058837656138,Europe,IE.ROMANCE.CORSICAN
257,0,1,-0.8060048013385452,North America,OM.POPOLOCAN.SAN_JUAN_CHIQUIHUITLAN
284,0,1,-4.287774282634436,Oceania-Australia,Aus.PAMA_NYUNGAN.DJAPU
354,0,0,-1.3445184811123096,Southwest Asia,AA.SEMITIC.AKKADIAN
381,0,0,0.3258023980480387,South Asia,IE.INDIC.PUNJABI_MAJHI
389,0,0,0.6702654587309121,Southeast Asia,An.MALAYO_SUMBAWAN.IBAN
392,1,1,0.4530030430980486,South Asia,IE.INDIC.PUNJABI_MAJHI
400,0,0,0.8002515193659587,Southeast Asia,IE.GERMANIC.ENGLISH
415,0,1,0.7909668007491697,South Asia,IE.INDIC.HINDI
419,0,0,0.7909668007491697,South Asia,IE.INDIC.ORIYA
422,0,1,-2.4308305592766275,Europe,IE.GREEK.GREEK_ANCIENT
424,1,0,-1.5487822906816684,Southwest Asia,AA.SEMITIC.ACHAEMENID_ARAMAIC
441,0,0,0.5309946794790765,South Asia,IE.INDIC.URDU
442,0,0,-0.7493680177761322,Africa,AA.SEMITIC.PHOENICIAN
456,0,1,-1.1913206239352905,Southwest Asia,AA.SEMITIC.BIBLICAL_HEBREW
469,0,0,0.7408293202185089,East Asia,Kor.KOREAN.KOREAN
476,1,1,-0.1096509050793672,Southeast Asia,An.MALAYO_SUMBAWAN.CHAM_EASTERN
483,0,1,0.8327480345247203,Europe,IE.GERMANIC.ENGLISH
484,0,0,0.8327480345247203,Europe,IE.GERMANIC.ENGLISH
485,1,1,-0.5738868359188193,Europe,Ura.SAAMI.LULE_SAAMI
486,0,0,0.6609807401141231,North America,IE.GERMANIC.ENGLISH
490,0,1,0.1317517789571478,Europe,IE.ROMANCE.LATIN
492,1,1,-1.7809002561013945,Europe,IE.ROMANCE.LATIN
520,1,1,0.4474322119279751,Southeast Asia,
525,0,0,0.7733258353772705,Africa,IE.GERMANIC.ENGLISH
526,0,0,0.7259737704316463,Southeast Asia,HM.HMONG_MIEN.HMONG_DAW
534,1,0,-1.0771185849487852,Europe,IE.ROMANCE.LATIN
562,1,0,-0.0938668834308258,South Asia,Dra.SOUTHERN_DRAVIDIAN.TAMIL
563,0,0,0.6749078180393067,South Asia,IE.INDIC.HINDI
564,1,1,0.7723973635155916,South Asia,IE.INDIC.NEPALI
567,0,0,0.8197494284612157,Europe,IE.GERMANIC.ENGLISH
570,1,0,0.8058223505360321,Southeast Asia,IE.GERMANIC.ENGLISH
580,0,1,0.5402793980958656,South Asia,IE.INDIC.URDU
581,0,1,0.7909668007491697,Southeast Asia,An.NORTHWEST_SUMATRA_BARRIER_ISLANDS.MENTAWAI
590,0,0,-0.4160466194334056,East Asia,ST.CHINESE.MIDDLE_CHINESE
592,0,1,0.0760434672564135,South Asia,IE.INDIC.URDU
623,0,1,0.7194744673998941,North America,IE.GERMANIC.ENGLISH
624,1,0,0.40100861884403,South Asia,IE.IRANIAN.PERSIAN
629,0,0,0.0760434672564135,South Asia,IE.INDIC.NEPALI
632,1,0,-1.641629476849559,Europe,IE.GREEK.GREEK_ANCIENT
633,0,0,0.1113253980002119,South Asia,IE.INDIC.KONKANI
645,0,1,-0.0168037189114768,South Asia,IE.INDIC.URDU
649,0,0,-0.3881924635830384,South Asia,Dra.SOUTHERN_DRAVIDIAN.TAMIL
654,1,1,0.0741865235330557,Europe,IE.ROMANCE.LATIN
661,0,1,-0.004733584709651,Europe,IE.ROMANCE.LATIN
676,0,1,0.0741865235330557,Europe,IE.ROMANCE.LATIN
680,0,0,0.6795501773477012,South Asia,IE.INDIC.HINDI
688,0,0,0.6944057271345636,South Asia,IE.INDIC.KONKANI
690,0,0,0.7074043331980683,South Asia,IE.INDIC.KONKANI
714,0,1,-0.5274632428348741,South Asia,Dra.SOUTHERN_DRAVIDIAN.TAMIL
719,0,0,0.6749078180393067,North America,IE.GERMANIC.ENGLISH
726,0,1,-1.688053069933504,South Asia,IE.INDIC.SANSKRIT
727,1,1,0.0389045927892574,Southeast Asia,An.MALAYO_SUMBAWAN.CHRU
739,1,0,0.7120466925064628,Oceania-Australia,An.OCEANIC.NAKANAI
745,1,1,0.6888348959644902,Oceania-Australia,An.OCEANIC.HALIA
749,0,1,0.633126584263756,East Asia,Kor.KOREAN.KOREAN
755,1,1,0.6795501773477012,Central Eurasia,Alt.TURKIC.UYGHUR
770,1,0,0.7445432076652244,Southeast Asia,TK.KAM_TAI.LAMPANG_THAI
788,0,0,-2.4308305592766275,Southwest Asia,AA.SEMITIC.UGARITIC
834,0,0,0.8021084630893165,Southeast Asia,AuA.VIET_MUONG.VIETNAMESE
841,0,1,-0.0418724591768072,South Asia,ST.BODIC.RANG_PAS
842,0,0,0.5681335539462327,North America,IE.GERMANIC.ENGLISH
846,0,1,-0.4392584159753782,East Asia,ST.CHINESE.MIDDLE_CHINESE
848,0,1,-1.223817139094052,Southwest Asia,AA.SEMITIC.ACHAEMENID_ARAMAIC
849,0,0,0.5867029911798107,North America,Iro.NORTHERN_IROQUOIAN.SENECA
850,1,1,-1.5952058837656138,Europe,
851,1,1,0.7250452985699675,North America,IE.GERMANIC.ENGLISH
854,1,1,-1.4095115114298329,Europe,IE.CELTIC.OLD_IRISH
857,0,0,0.5755613288396639,Africa,IE.ROMANCE.SPANISH
858,1,1,-0.8849249095812521,Europe,AA.SEMITIC.CLASSICAL_SYRIAC
859,0,0,-0.9127790654316192,Europe,AA.SEMITIC.ACHAEMENID_ARAMAIC
862,0,0,0.7324730734633987,South Asia,IE.GERMANIC.ENGLISH
863,0,1,-1.5487822906816684,Europe,AA.SEMITIC.ACHAEMENID_ARAMAIC
867,0,1,0.0760434672564135,South Asia,ST.BODIC.RANG_PAS
869,1,1,-0.2442793250228083,East Asia,ST.CHINESE.MIDDLE_CHINESE
870,0,1,0.8095362379827478,Central Eurasia,Alt.MONGOLIC.MONGOLIAN
871,0,0,0.6776932336243434,Europe,IE.GERMANIC.ENGLISH
877,0,0,0.8086077661210689,Southeast Asia,TK.KAM_TAI.THAI
879,0,0,0.6888348959644902,Africa,IE.GERMANIC.ENGLISH
880,1,1,0.6981196145812792,Southwest Asia,AA.SEMITIC.TUNISIAN_ARABIC_MAGHRIB
882,0,0,-1.455935104513778,Europe,AA.SEMITIC.ACHAEMENID_ARAMAIC
883,0,0,0.7714688916539126,Central Eurasia,ST.CHINESE.MANDARIN
884,1,0,0.7324730734633987,Africa,IE.GERMANIC.ENGLISH
885,0,1,0.7816820821323807,Africa,NC.KWA.FONGBE
886,0,1,0.8095362379827478,Europe,IE.GERMANIC.ENGLISH
887,0,1,0.8095362379827478,Central Eurasia,Alt.MONGOLIC.MONGOLIAN
891,0,1,0.777968194685665,South America,IE.ROMANCE.SPANISH
892,0,0,0.7816820821323807,North America,IE.GERMANIC.ENGLISH
896,0,0,-0.295345277415148,East Asia,Jap.JAPANESE.JAPANESE
897,0,1,0.7519709825586557,East Asia,Kor.KOREAN.KOREAN
900,1,1,-1.1773935460101068,Southwest Asia,AA.SEMITIC.ACHAEMENID_ARAMAIC
906,0,0,0.7844674977174173,Europe,IE.GERMANIC.ENGLISH
910,0,0,0.7891098570258118,North America,IE.ROMANCE.PORTUGUESE
914,0,1,0.12989483523379,Africa,IE.ROMANCE.SPANISH
919,0,0,0.8141785972911423,Europe,IE.SLAVIC.CROATIAN
921,0,1,0.5402793980958656,South Asia,IE.INDIC.HINDI
924,1,1,0.6823355929327379,Africa,AA.SEMITIC.STANDARD_ARABIC
927,1,1,-1.0381227667582713,Southwest Asia,AA.SEMITIC.ACHAEMENID_ARAMAIC
928,0,0,0.6888348959644902,North America,Sio.SIOUAN.LAKOTA
931,1,0,0.4288627746943971,Europe,IE.GERMANIC.ENGLISH
933,0,0,-0.9044228186765092,Europe,AA.SEMITIC.ACHAEMENID_ARAMAIC
934,1,1,0.7361869609101144,Central Eurasia,Alt.MONGOLIC.MONGOLIAN
935,1,0,0.7352584890484354,Africa,NC.DEFOID.YORUBA
938,1,0,-2.523677745444518,Southwest Asia,AA.SEMITIC.UGARITIC
940,1,0,-1.0669053944703173,Europe,IE.ROMANCE.LATIN
941,0,1,0.4474322119279751,East Asia,ST.CHINESE.MIDDLE_CHINESE
942,0,0,0.6479821340506184,Africa,IE.ROMANCE.PORTUGUESE
943,1,0,0.5885599349031686,North America,EA.ESKIMO.INUKTITUT_EASTERN_CANADIAN
944,1,0,0.4660016491615532,Europe,IE.SLAVIC.UKRAINIAN
946,1,0,-0.3881924635830384,South Asia,ST.BODIC.RANG_PAS
949,0,0,0.7844674977174173,North America,IE.GERMANIC.ENGLISH
950,0,0,0.4957127487352782,Africa,IE.ROMANCE.SPANISH
952,0,1,0.8002515193659587,Southwest Asia,AA.SEMITIC.AMHARIC
953,0,0,0.7956091600575642,South Asia,IE.INDIC.URDU
957,0,0,-1.7809002561013945,Europe,IE.GREEK.GREEK_ANCIENT
958,1,0,0.3917239002272409,Europe,IE.ROMANCE.LATIN
960,0,0,-0.1096509050793672,South Asia,ST.BODIC.RANG_PAS
961,0,0,0.7120466925064628,Europe,IE.ROMANCE.ROMANIAN
962,1,1,0.2617378395921944,East Asia,ST.BODIC.MAQU_TIBETAN
963,1,1,0.0008372464604223,Europe,IE.ROMANCE.LATIN
966,1,1,0.1856031469345242,Central Eurasia,Alt.TURKIC.TURKMEN
967,0,0,0.6563383808057286,Europe,IE.GERMANIC.ENGLISH
969,0,0,0.7176175236765362,South Asia,Dra.SOUTHERN_DRAVIDIAN.TAMIL
971,1,1,-0.5738868359188193,South Asia,IE.INDIC.SANSKRIT
972,1,0,-0.6379513943746636,Southwest Asia,AA.SEMITIC.CLASSICAL_SYRIAC
973,1,1,0.6749078180393067,South Asia,IE.INDIC.SADRI
974,1,0,0.0797573547031291,Southwest Asia,IE.GREEK.GREEK_ANCIENT
975,0,0,0.8002515193659587,North America,IE.GERMANIC.ENGLISH
976,0,0,0.0639733330545878,South Asia,IE.INDIC.ASSAMESE
978,0,0,0.3545850257600847,Southeast Asia,IE.ROMANCE.LATIN
980,0,0,0.0528316707144409,East Asia,Jap.JAPANESE.JAPANESE
982,1,1,-1.5014302257360443,Southwest Asia,IE.GREEK.GREEK_ANCIENT
983,0,0,-0.4810396497509288,South Asia,ST.BODIC.KYIRONG
984,0,0,0.3731544629936628,Europe,IE.ROMANCE.FRENCH
985,0,0,-0.0093759440180456,Europe,IE.ROMANCE.LATIN
986,0,0,-0.8988519875064357,Europe,IE.ROMANCE.LATIN
987,0,0,0.4474322119279751,South Asia,IE.INDIC.GUJARATI
988,0,0,0.6628376838374809,North America,IE.GERMANIC.ENGLISH
989,0,0,0.7519709825586557,Europe,IE.ROMANCE.FRENCH
991,0,0,0.7668265323455181,North America,IE.GERMANIC.ENGLISH
993,1,0,-1.699194732273651,Europe,IE.ROMANCE.LATIN
994,1,1,-0.731727052404233,Africa,AA.SEMITIC.CLASSICAL_SYRIAC
997,1,0,-3.777114758711038,Africa,AA.EGYPTIAN_COPTIC.MIDDLE_EGYPTIAN
1004,1,0,-1.223817139094052,Europe,AA.SEMITIC.BIBLICAL_HEBREW
1006,1,0,-3.517142637440945,Africa,AA.EGYPTIAN_COPTIC.MIDDLE_EGYPTIAN
1011,1,1,-1.7809002561013945,Southwest Asia,AA.SEMITIC.BIBLICAL_HEBREW
1013,1,1,0.3638697443768738,South Asia,IE.ROMANCE.PORTUGUESE
1028,1,1,-0.0168037189114768,Europe,AA.SEMITIC.BIBLICAL_HEBREW
1037,1,1,-2.0594418146050657,Africa,AA.EGYPTIAN_COPTIC.MIDDLE_EGYPTIAN
1038,0,1,0.4882849738418469,East Asia,ST.CHINESE.MIDDLE_CHINESE
1041,0,0,0.4474322119279751,East Asia,Kor.KOREAN.KOREAN
1043,1,1,0.3545850257600847,Southeast Asia,An.MALAYO_SUMBAWAN.ACEH
1044,0,0,-1.1690372992549969,East Asia,ST.CHINESE.OLD_CHINESE
1060,0,0,0.3545850257600847,East Asia,ST.CHINESE.SUZHOU_WU
1069,0,1,-2.434544446723343,Africa,AA.EGYPTIAN_COPTIC.MIDDLE_EGYPTIAN
1071,0,0,0.8197494284612157,Africa,IE.ROMANCE.PORTUGUESE
1076,1,1,0.410293337460819,South Asia,IE.ROMANCE.LATIN
1083,0,1,0.4706440084699477,South Asia,ST.BODIC.TIBETAN_WRITTEN
1087,1,0,-0.1384335327914132,Europe,IE.SLAVIC.BULGARIAN
1127,0,0,0.7166890518148573,East Asia,Kor.KOREAN.KOREAN
1129,1,0,-1.688053069933504,Europe,IE.GREEK.GREEK_ANCIENT
1134,0,1,-0.5386049051750209,East Asia,ST.CHINESE.MIDDLE_CHINESE
1140,0,0,-0.8338589571889123,East Asia,ST.CHINESE.MIDDLE_CHINESE
1154,0,0,0.3545850257600847,East Asia,ST.CHINESE.MANDARIN
1162,0,0,-0.6667340220867096,East Asia,ST.CHINESE.MIDDLE_CHINESE
1172,0,1,-0.5738868359188193,East Asia,ST.CHINESE.MIDDLE_CHINESE
1178,0,0,0.8160355410145,South America,IE.ROMANCE.FRENCH
1180,1,1,0.4474322119279751,Southeast Asia,An.NORTHWEST_SUMATRA_BARRIER_ISLANDS.BATAK_ANGKOLA
1191,0,1,-1.3166643252619423,Africa,AA.SEMITIC.BIBLICAL_HEBREW
1192,1,1,0.7677550042071971,Southeast Asia,An.BARITO.SAMIHIM
1220,1,0,0.1011122075217439,Central Eurasia,Alt.MONGOLIC.MONGOLIAN
1229,0,0,0.7723973635155916,Central Eurasia,ST.CHINESE.MANDARIN
1231,0,1,-0.0168037189114768,East Asia,ST.CHINESE.MANDARIN
1241,0,0,0.6674800431458754,East Asia,ST.CHINESE.HAKKA
1247,0,1,0.7120466925064628,North America,IE.ROMANCE.FRENCH
1248,0,0,-2.86906927798907,Southwest Asia,AA.SEMITIC.AKKADIAN
1249,0,0,-1.311093494091869,Europe,IE.GREEK.GREEK
1250,0,1,-0.2489216843312028,Southwest Asia,AA.SEMITIC.IRAQ_MUSLIM_BAGHDAD_ARABIC
1258,1,1,-1.9665946284371751,Southwest Asia,AA.SEMITIC.BIBLICAL_HEBREW
1259,0,0,0.0760434672564135,Central Eurasia,ST.CHINESE.MANDARIN
1268,1,1,-0.7038728965538659,Southwest Asia,AA.SEMITIC.SABEAN
1279,1,1,0.4409329088962228,Southeast Asia,An.SOUTH_SULAWESI.MANDAR
1283,1,1,0.3545850257600847,Southeast Asia,An.CELEBIC.WOLIO
1289,1,1,0.3545850257600847,Southeast Asia,An.SOUTH_SULAWESI.BUGINESE
1295,1,0,-0.7493680177761322,Africa,IE.ROMANCE.LATIN
1300,1,0,0.8095362379827478,North America,IE.ROMANCE.SPANISH
1303,0,0,-2.3379833731087367,Southwest Asia,AA.SEMITIC.AKKADIAN
1304,0,0,0.7027619738896738,North America,IE.GERMANIC.ENGLISH
1307,0,0,0.6749078180393067,North America,IE.GERMANIC.ENGLISH
1311,0,1,0.6981196145812792,North America,IE.GERMANIC.ENGLISH
1333,0,0,-0.8988519875064357,Europe,AA.SEMITIC.CLASSICAL_SYRIAC
1335,0,1,0.4242204153860026,Europe,IE.ROMANCE.LATIN
1340,0,1,0.7788966665473439,Europe,IE.ROMANCE.FRENCH
1344,0,0,0.6702654587309121,East Asia,ST.BODIC.RANG_PAS
1348,1,0,0.8299626189396836,Southwest Asia,AA.SEMITIC.HEBREW
1349,1,0,0.0054796057688168,Central Eurasia,ST.CHINESE.XIANG
1352,0,0,-1.0362658230349135,South Asia,IE.INDIC.SANSKRIT
1371,1,1,0.7993230475042798,Southwest Asia,IE.IRANIAN.PERSIAN
1374,1,1,0.410293337460819,Europe,IE.ROMANCE.FRENCH
1376,0,1,0.7259737704316463,Africa,NC.BANTOID.ZULU
1386,0,0,0.6396258872955083,East Asia,ST.CHINESE.MANDARIN
1392,0,0,-0.7038728965538659,Southwest Asia,AA.SEMITIC.CLASSICAL_SYRIAC
1396,0,0,-1.320378212708658,Africa,IE.GREEK.GREEK_ANCIENT
1397,1,0,-0.6667340220867096,North America,OM.POPOLOCAN.SAN_JUAN_CHIQUIHUITLAN
1400,1,1,-0.7595812082546001,East Asia,ST.CHINESE.MIDDLE_CHINESE
1412,0,0,0.6684085150075544,Central Eurasia,Jap.JAPANESE.JAPANESE
1415,1,0,-0.7131576151706549,Europe,IE.GREEK.GREEK_ANCIENT
1419,1,1,-2.4772541523605724,Africa,AA.EGYPTIAN_COPTIC.MIDDLE_EGYPTIAN
1426,1,1,0.4288627746943971,East Asia,ST.CHINESE.MANDARIN
1433,0,0,-0.8060048013385452,Europe,IE.ROMANCE.LATIN
1436,0,0,-0.741011771021022,Southwest Asia,IE.GREEK.GREEK_ANCIENT
1441,1,1,0.1921024499662765,North America,UA.AZTECAN.CLASSICAL_NAHUATL
1454,0,0,0.2032441123064234,Europe,IE.GREEK.GREEK_ANCIENT
1468,0,0,-0.7363694117126275,Europe,IE.GREEK.GREEK_ANCIENT
1495,0,0,0.8160355410145,Europe,IE.GERMANIC.ENGLISH
1511,1,1,0.6368404717104716,Africa,AA.WEST_CHADIC.HAUSA
1517,0,0,0.759398757452087,Africa,IE.ROMANCE.FRENCH
1522,1,0,0.6154856188918568,Africa,AA.SEMITIC.STANDARD_ARABIC
1544,1,0,0.4437183244812595,Europe,IE.SLAVIC.OLD_CHURCH_SLAVONIC
1555,1,1,0.7909668007491697,Southwest Asia,AA.SEMITIC.STANDARD_ARABIC
1570,0,1,0.7259737704316463,South Asia,IE.GERMANIC.ENGLISH
1574,0,0,-2.895066490116079,Southwest Asia,AA.SEMITIC.AKKADIAN
1619,1,0,0.0760434672564135,Europe,AA.SEMITIC.AKKADIAN
1621,1,0,0.5402793980958656,Europe,AA.SEMITIC.AKKADIAN
1626,0,0,-1.7809002561013945,Europe,IE.GREEK.GREEK_ANCIENT
1627,0,0,0.7983945756426009,North America,ST.CHINESE.MANDARIN
1636,0,0,-0.2823466713516434,Europe,IE.GREEK.GREEK_ANCIENT
1653,1,0,-0.721513861925765,Europe,IE.GERMANIC.GOTHIC
1654,1,0,0.8011799912276376,Africa,AA.SEMITIC.STANDARD_ARABIC
1667,0,0,0.6795501773477012,Africa,IE.ROMANCE.FRENCH
1677,1,0,-2.570101338528463,Southwest Asia,AA.SEMITIC.AKKADIAN
1689,0,1,0.3694405755469472,Southwest Asia,AA.SEMITIC.SYRIAN_ARABIC
1690,1,0,-0.2554209873629551,Europe,IE.GREEK.GREEK_ANCIENT
1694,1,0,-0.0595134245487064,Europe,IE.GREEK.GREEK_ANCIENT
1697,1,0,-0.6203104290027645,Europe,IE.GREEK.GREEK_ANCIENT
1701,1,1,0.0017657183221012,Europe,IE.ROMANCE.FRENCH
1708,1,0,-0.3807646886896072,Southwest Asia,AA.SEMITIC.ARABIC_GULF_SPOKEN
1734,0,0,-2.523677745444518,South America,
1737,1,1,-0.4244028661885157,Southwest Asia,IE.IRANIAN.EASTERN_FARSI
1759,0,1,0.071401107948019,Africa,AA.SEMITIC.STANDARD_ARABIC
1776,0,0,0.7083328050597472,Africa,AA.SEMITIC.TUNISIAN_ARABIC_MAGHRIB
1777,0,0,0.7083328050597472,Africa,AA.SEMITIC.TUNISIAN_ARABIC_MAGHRIB
1780,0,0,0.7083328050597472,Africa,AA.SEMITIC.TUNISIAN_ARABIC_MAGHRIB
1781,0,0,0.7900383288874908,Africa,AA.SEMITIC.TUNISIAN_ARABIC_MAGHRIB
1791,1,0,-0.0168037189114768,Southwest Asia,AA.SEMITIC.IRAQ_MUSLIM_BAGHDAD_ARABIC
1820,0,0,0.8002515193659587,Africa,NC.DEFOID.YORUBA
1829,0,0,0.8058223505360321,Africa,NC.DEFOID.YORUBA
1835,0,1,0.7705404197922338,Africa,NC.DEFOID.YORUBA
1845,0,1,-0.0929384115691469,Europe,IE.GERMANIC.DANISH
1869,0,1,0.7538279262820134,Africa,NC.DEFOID.YORUBA
1872,0,1,0.7696119479305549,Africa,NC.DEFOID.YORUBA
1897,0,1,0.7733258353772705,Africa,NC.DEFOID.YORUBA
1903,1,1,-0.3417688704990932,Southwest Asia,AA.SEMITIC.SYRIAN_ARABIC
1904,1,1,0.633126584263756,Africa,AA.SEMITIC.TUNISIAN_ARABIC_MAGHRIB
1908,1,0,-0.0168037189114768,East Asia,Jap.JAPANESE.JAPANESE
1938,0,0,0.6795501773477012,Southwest Asia,
1940,0,1,0.7723973635155916,Africa,NC.DEFOID.YORUBA
1943,0,1,0.8095362379827478,South America,IE.ROMANCE.SPANISH
1961,0,0,0.8095362379827478,Africa,NC.DEFOID.YORUBA
1966,0,0,0.7928237444725275,Africa,NC.DEFOID.YORUBA
1972,0,0,0.7909668007491697,North America,
1974,0,0,0.8086077661210689,Africa,IE.GERMANIC.ENGLISH
1978,0,0,0.7863244414407752,East Asia,ST.CHINESE.CANTONESE
1983,0,0,-0.6667340220867096,Southwest Asia,IE.GREEK.GREEK_ANCIENT
1985,0,0,-1.0065547234611885,Southwest Asia,AA.SEMITIC.STANDARD_ARABIC
1993,1,0,-1.5952058837656138,Europe,IE.GREEK.GREEK_ANCIENT
1994,0,0,0.7891098570258118,Africa,IE.GERMANIC.ENGLISH
2000,0,0,0.7566133418670502,Africa,NC.DEFOID.YORUBA
2003,1,0,0.738972376495151,Africa,IE.GERMANIC.ENGLISH
2006,0,0,0.7928237444725275,Africa,NC.DEFOID.YORUBA
2009,1,0,-1.7809002561013945,Europe,IE.GREEK.GREEK_ANCIENT
2010,1,1,0.1131823417235697,Europe,IE.GREEK.GREEK_ANCIENT
2011,0,0,0.7120466925064628,Africa,IE.GERMANIC.ENGLISH
2016,1,1,-0.1941418444921475,Southwest Asia,AA.SEMITIC.STANDARD_ARABIC
2021,1,0,0.7306161297400409,Africa,IE.GERMANIC.ENGLISH
2023,1,0,-0.1365765890680554,Africa,AA.SEMITIC.STANDARD_ARABIC
2038,1,0,-0.1096509050793672,Europe,
2048,1,1,-0.3167001302337628,Africa,AA.SEMITIC.STANDARD_ARABIC
2051,0,0,0.8392473375564726,Southeast Asia,AuA.VIET_MUONG.VIETNAMESE
2052,0,0,0.8113931817061055,Africa,NC.DEFOID.YORUBA
2054,0,0,0.7426862639418667,Africa,NC.DEFOID.YORUBA
2061,0,1,0.633126584263756,Africa,NC.DEFOID.YORUBA
2069,1,1,0.7900383288874908,Africa,AA.SEMITIC.STANDARD_ARABIC
2070,0,0,0.8216063721845736,Africa,IE.GERMANIC.ENGLISH
2074,0,0,0.7306161297400409,Africa,AA.SEMITIC.STANDARD_ARABIC
2084,0,1,0.8002515193659587,Africa,AA.SEMITIC.STANDARD_ARABIC
2089,1,1,0.7946806881958853,Africa,AA.SEMITIC.STANDARD_ARABIC
2104,0,0,0.5402793980958656,Africa,AA.SEMITIC.STANDARD_ARABIC
2111,1,0,-0.3881924635830384,Africa,
2114,0,0,0.6674800431458754,Africa,AA.SEMITIC.STANDARD_ARABIC
2116,0,0,0.6368404717104716,Africa,AA.SEMITIC.STANDARD_ARABIC
2122,0,0,0.7983945756426009,Africa,AA.SEMITIC.STANDARD_ARABIC
2126,0,0,0.8039654068126744,Africa,NC.DEFOID.YORUBA
2133,0,0,0.7473286232502612,Africa,IE.GERMANIC.ENGLISH
2138,1,0,0.7408293202185089,Africa,IE.GERMANIC.ENGLISH
2139,1,0,0.8002515193659587,Africa,IE.GERMANIC.ENGLISH
2141,1,0,0.8206779003228946,Africa,AA.SEMITIC.STANDARD_ARABIC
2146,0,0,0.6981196145812792,East Asia,Jap.JAPANESE.JAPANESE
2147,1,0,0.1029691512451017,Africa,AA.SEMITIC.STANDARD_ARABIC
2149,0,1,-0.731727052404233,Europe,AA.SEMITIC.BIBLICAL_HEBREW
2160,1,1,-0.8060048013385452,Southwest Asia,IE.GREEK.GREEK_ANCIENT
2178,0,1,0.7426862639418667,Africa,NC.DEFOID.YORUBA
2194,0,0,0.7742543072389494,Africa,IE.GERMANIC.ENGLISH
2203,0,0,-1.4800753729174296,East Asia,ST.CHINESE.OLD_CHINESE
2209,0,0,0.6721224024542699,Africa,IE.GERMANIC.ENGLISH
2210,0,1,0.8011799912276376,Africa,NC.DEFOID.YORUBA
2214,0,1,-0.4810396497509288,South America,
2228,1,0,0.7928237444725275,Africa,IE.GERMANIC.ENGLISH
2238,0,0,0.5402793980958656,Africa,AA.SEMITIC.STANDARD_ARABIC
2241,1,1,-1.7344766630174493,Europe,IE.ROMANCE.LATIN
2244,1,1,0.0797573547031291,Europe,IE.GREEK.GREEK_ANCIENT
2245,1,1,-0.4327591129436258,Europe,AA.SEMITIC.STANDARD_ARABIC
2246,1,0,-0.2777043120432488,Africa,AA.SEMITIC.STANDARD_ARABIC
2247,1,1,-0.4374014722520203,Africa,AA.SEMITIC.STANDARD_ARABIC
2248,0,0,0.4762148396400212,Africa,AA.SEMITIC.STANDARD_ARABIC
2256,0,0,0.5402793980958656,Africa,AA.SEMITIC.STANDARD_ARABIC
2266,0,0,-1.5682801997769256,East Asia,ST.CHINESE.OLD_CHINESE
2271,1,0,0.7853959695790962,Africa,NC.DEFOID.YORUBA
2273,0,1,0.1605344066691938,East Asia,
2274,0,0,0.7445432076652244,Africa,NC.DEFOID.YORUBA
2278,0,0,0.5402793980958656,Africa,AA.SEMITIC.STANDARD_ARABIC
2279,0,0,0.7166890518148573,Africa,
2283,0,0,-0.7753652299031414,East Asia,ST.CHINESE.MIDDLE_CHINESE
2286,0,1,-4.287774282634436,South America,
2290,0,0,0.0760434672564135,Africa,AA.SEMITIC.STANDARD_ARABIC
2297,1,0,0.0509747269910831,Europe,IE.GERMANIC.ENGLISH
2299,1,0,-0.0168037189114768,Southwest Asia,AA.SEMITIC.STANDARD_ARABIC
2308,1,0,-0.3779792731045705,Europe,AA.SEMITIC.STANDARD_ARABIC
2309,1,1,-0.3361980393290198,Europe,AA.SEMITIC.STANDARD_ARABIC
2312,1,0,-2.7093721177802985,Africa,IE.GERMANIC.ENGLISH
2313,0,0,-0.4810396497509288,Central Eurasia,ST.CHINESE.MIDDLE_CHINESE
2320,0,1,-0.5738868359188193,East Asia,ST.CHINESE.MIDDLE_CHINESE
2321,0,0,0.8113931817061055,East Asia,ST.CHINESE.MIDDLE_CHINESE
2322,1,1,-0.4244028661885157,Southwest Asia,AA.SEMITIC.STANDARD_ARABIC
2324,0,1,0.7909668007491697,Africa,AA.SEMITIC.STANDARD_ARABIC
2325,0,0,-1.223817139094052,East Asia,ST.CHINESE.MIDDLE_CHINESE
2327,0,0,0.7259737704316463,Africa,NC.DEFOID.YORUBA
2328,0,0,0.8104647098444266,East Asia,ST.CHINESE.MIDDLE_CHINESE
2329,1,1,0.7603272293137658,Southeast Asia,AuA.VIET_MUONG.VIETNAMESE
2330,0,0,0.7194744673998941,Africa,NC.DEFOID.YORUBA
2331,1,0,-0.3417688704990932,Southwest Asia,AA.SEMITIC.STANDARD_ARABIC
2333,0,0,0.7538279262820134,Africa,IE.GERMANIC.ENGLISH
2339,0,1,-0.0168037189114768,Africa,NC.DEFOID.YORUBA
2346,0,0,0.633126584263756,Africa,
2347,0,0,0.0964698482133494,Africa,Jap.JAPANESE.JAPANESE
2348,1,1,-2.152289000772956,Southwest Asia,AA.SEMITIC.BIBLICAL_HEBREW
2349,0,0,0.5755613288396639,Africa,IE.GERMANIC.ENGLISH
2363,1,0,0.7631126448988026,Africa,AA.SEMITIC.STANDARD_ARABIC
2365,1,1,0.3564419694834426,Africa,AA.SEMITIC.STANDARD_ARABIC
2369,1,0,0.6210564500619302,Africa,AA.SEMITIC.STANDARD_ARABIC
2371,0,0,0.7723973635155916,North America,
2375,1,1,0.4984981643203149,North America,IE.GERMANIC.ENGLISH
2418,1,1,-0.9452755805903807,South America,
2428,1,0,0.777968194685665,South Asia,IE.GERMANIC.ENGLISH
2429,0,1,0.5179960734155719,Europe,IE.GREEK.GREEK_ANCIENT
2433,0,0,-1.3278059876020891,Southwest Asia,IE.GREEK.GREEK_ANCIENT
2445,0,1,-1.4095115114298329,Africa,IE.GREEK.GREEK_ANCIENT
2451,0,1,-0.7335839961275907,Africa,IE.GERMANIC.ENGLISH
2464,1,1,0.7241168267082886,Southeast Asia,IE.GERMANIC.ENGLISH
2496,0,0,-1.0381227667582713,Southeast Asia,AuA.VIET_MUONG.VIETNAMESE
2526,1,1,-0.8060048013385452,North America,May.MAYAN.CHONTAL_TABASCO
2567,0,0,-0.2024980912472576,Africa,AA.SEMITIC.STANDARD_ARABIC
2614,1,0,0.7816820821323807,Africa,AA.WEST_CHADIC.HAUSA
