entry_id,violent_external,tattoos_scarification,year_scaled,world_region,tip_name,ID,Glottocode
173,0,0,-0.95456029920717,Southwest Asia,IE.GREEK.GREEK_ANCIENT,,turk1311
174,1,0,-0.991699173674326,Southwest Asia,AA.SEMITIC.CLASSICAL_SYRIAC,CLASSICAL_SYRIAC,clas1252
212,0,0,-1.484717732225824,East Asia,ST.CHINESE.OLD_CHINESE,OLD_CHINESE,oldc1244
217,0,0,-1.22567408281741,Europe,IE.ROMANCE.LATIN,LATIN,lati1261
230,1,0,-4.102079910298655,Southwest Asia,AA.SEMITIC.AKKADIAN,AKKADIAN,akka1240
231,0,0,-1.5952058837656138,Europe,IE.ROMANCE.CORSICAN,CORSICAN,cors1241
257,0,1,-0.8060048013385452,North America,OM.POPOLOCAN.SAN_JUAN_CHIQUIHUITLAN,,zapo1436
284,0,1,-4.287774282634436,Oceania-Australia,Aus.PAMA_NYUNGAN.DHUWAL,DHUWAL,nucl1333
354,0,0,-1.3445184811123096,Southwest Asia,AA.SEMITIC.AKKADIAN,AKKADIAN,akka1240
381,0,0,0.3258023980480387,South Asia,IE.INDIC.PUNJABI_MAJHI,PUNJABI_MAJHI,panj1256
389,0,0,0.6702654587309121,Southeast Asia,An.MALAYO_SUMBAWAN.IBAN,IBAN,iban1264
392,1,0,0.4530030430980486,South Asia,IE.INDIC.PUNJABI_MAJHI,PUNJABI_MAJHI,panj1256
400,0,0,0.8002515193659587,Southeast Asia,IE.GERMANIC.ENGLISH,ENGLISH,stan1293
415,0,0,0.7909668007491697,South Asia,IE.INDIC.HINDI,HINDI,hind1269
419,0,0,0.7909668007491697,South Asia,IE.INDIC.ORIYA,ORIYA,oriy1255
422,0,0,-2.4308305592766275,Europe,Aus.PAMA_NYUNGAN.COLAC,COLAC,
424,1,0,-1.5487822906816684,Southwest Asia,AA.SEMITIC.ACHAEMENID_ARAMAIC,ACHAEMENID_ARAMAIC,jewi1240
441,0,0,0.5309946794790765,South Asia,IE.INDIC.HINDI,HINDI,hind1269
442,0,0,-0.7493680177761322,Africa,AA.SEMITIC.PHOENICIAN,,neop1239
456,0,0,-1.1913206239352905,Southwest Asia,AA.SEMITIC.BIBLICAL_HEBREW,BIBLICAL_HEBREW,anci1244
469,0,0,0.7408293202185089,East Asia,Kor.KOREAN.KOREAN,KOREAN,kore1280
476,1,0,-0.1096509050793672,Southeast Asia,An.MALAYO_SUMBAWAN.CHAM_EASTERN,CHAM_EASTERN,east2563
483,0,0,0.8327480345247203,Europe,IE.GERMANIC.ENGLISH,ENGLISH,stan1293
484,0,0,0.8327480345247203,Europe,IE.GERMANIC.ENGLISH,ENGLISH,stan1293
485,1,0,-0.5738868359188193,Europe,Ura.SAAMI.LULE_SAAMI,LULE_SAAMI,lule1254
486,0,0,0.6609807401141231,North America,IE.GERMANIC.ENGLISH,ENGLISH,stan1293
490,0,0,0.1317517789571478,Europe,IE.ROMANCE.LATIN,LATIN,lati1261
492,1,0,-1.7809002561013945,Europe,IE.ROMANCE.LATIN,LATIN,lati1261
520,1,1,0.4474322119279751,Southeast Asia,Aus.PAMA_NYUNGAN.BIGAMBAL,BIGAMBAL,
525,0,0,0.7733258353772705,Africa,IE.GERMANIC.ENGLISH,ENGLISH,stan1293
526,0,0,0.7259737704316463,Southeast Asia,HM.HMONG_MIEN.HMONG_DAW,,hmon1337
534,1,0,-1.0771185849487852,Europe,IE.ROMANCE.LATIN,LATIN,lati1261
562,1,0,-0.0938668834308258,South Asia,Dra.SOUTHERN_DRAVIDIAN.TAMIL,TAMIL,tami1289
563,0,0,0.6749078180393067,South Asia,IE.INDIC.HINDI,HINDI,hind1269
564,1,0,0.7723973635155916,South Asia,IE.INDIC.NEPALI,NEPALI,nepa1254
567,0,0,0.8197494284612157,Europe,IE.GERMANIC.ENGLISH,ENGLISH,stan1293
570,1,0,0.8058223505360321,Southeast Asia,IE.GERMANIC.ENGLISH,ENGLISH,stan1293
580,0,0,0.5402793980958656,South Asia,IE.INDIC.URDU,URDU,urdu1245
581,0,1,0.7909668007491697,Southeast Asia,An.NORTHWEST_SUMATRA_BARRIER_ISLANDS.MENTAWAI,MENTAWAI,ment1249
590,0,0,-0.4160466194334056,East Asia,ST.CHINESE.MIDDLE_CHINESE,MIDDLE_CHINESE,midd1344
592,0,0,0.0760434672564135,South Asia,IE.INDIC.URDU,URDU,urdu1245
602,1,1,0.7538279262820134,Africa,AA.SEMITIC.AMHARIC,AMHARIC,amha1245
623,0,0,0.7194744673998941,North America,IE.INDIC.HINDI,HINDI,hind1269
624,1,0,0.40100861884403,South Asia,IE.IRANIAN.PERSIAN,,pash1269
629,0,0,0.0760434672564135,South Asia,IE.INDIC.NEPALI,NEPALI,nepa1254
632,1,0,-1.641629476849559,Europe,IE.GREEK.GREEK_ANCIENT,GREEK_ANCIENT,anci1242
633,0,0,0.1113253980002119,South Asia,IE.INDIC.KONKANI,KONKANI,konk1267
645,0,0,-0.0168037189114768,South Asia,IE.INDIC.HINDI,HINDI,hind1269
649,0,0,-0.3881924635830384,South Asia,Dra.SOUTHERN_DRAVIDIAN.TAMIL,TAMIL,tami1289
654,1,0,0.0741865235330557,Europe,IE.ROMANCE.LATIN,LATIN,lati1261
661,0,0,-0.004733584709651,Europe,IE.ROMANCE.LATIN,,impe1234
667,0,1,0.6841925366560957,East Asia,IE.SLAVIC.NINILCHIK_RUSSIAN,NINILCHIK_RUSSIAN,russ1263
676,0,0,0.0741865235330557,Europe,IE.ROMANCE.LATIN,LATIN,lati1261
680,0,0,0.6795501773477012,South Asia,IE.INDIC.URDU,URDU,urdu1245
688,0,0,0.6944057271345636,South Asia,IE.INDIC.KONKANI,KONKANI,konk1267
690,0,0,0.7074043331980683,South Asia,IE.INDIC.KONKANI,KONKANI,konk1267
711,1,1,0.7371154327717933,Oceania-Australia,Sep.MIDDLE_SEPIK.KWOMA,KWOMA,kwom1262
714,0,0,-0.5274632428348741,South Asia,Dra.SOUTHERN_DRAVIDIAN.TAMIL,TAMIL,tami1289
719,0,0,0.6749078180393067,North America,IE.GERMANIC.ENGLISH,,trin1276
726,0,0,-1.688053069933504,South Asia,IE.INDIC.SANSKRIT,SANSKRIT,sans1269
727,1,0,0.0389045927892574,Southeast Asia,An.MALAYO_SUMBAWAN.CHRU,CHRU,chru1239
732,1,1,0.633126584263756,Oceania-Australia,An.OCEANIC.UA_POU,UA_POU,nort2845
739,1,0,0.7120466925064628,Oceania-Australia,An.OCEANIC.BILEKI_NAKANAI,BILEKI_NAKANAI,naka1262
745,1,1,0.6888348959644902,Oceania-Australia,An.OCEANIC.HALIA_2,HALIA_2,hali1244
749,0,0,0.633126584263756,East Asia,Kor.KOREAN.KOREAN,KOREAN,kore1280
755,1,0,0.6795501773477012,Central Eurasia,Alt.TURKIC.UYGHUR,UYGHUR,uigh1240
770,1,0,0.7445432076652244,Southeast Asia,TK.KAM_TAI.TAI_CHIENGMAI,TAI_CHIENGMAI,nort2740
788,0,0,-2.4308305592766275,Southwest Asia,AA.SEMITIC.UGARITIC,UGARITIC,ugar1238
834,0,0,0.8021084630893165,Southeast Asia,AuA.VIET_MUONG.VIETNAMESE,VIETNAMESE,viet1252
841,0,0,-0.0418724591768072,South Asia,ST.BODIC.LHASA_TIBETAN,LHASA_TIBETAN,tibe1272
842,0,0,0.5681335539462327,North America,IE.GERMANIC.ENGLISH,ENGLISH,stan1293
846,0,0,-0.4392584159753782,East Asia,ST.CHINESE.MIDDLE_CHINESE,MIDDLE_CHINESE,midd1344
848,0,0,-1.223817139094052,Southwest Asia,AA.SEMITIC.ACHAEMENID_ARAMAIC,ACHAEMENID_ARAMAIC,jewi1240
849,0,0,0.5867029911798107,North America,Iro.NORTHERN_IROQUOIAN.SENECA,SENECA,sene1264
851,1,0,0.7250452985699675,North America,IE.GERMANIC.ENGLISH,ENGLISH,stan1293
857,0,0,0.5755613288396639,Africa,IE.ROMANCE.SPANISH,SPANISH,stan1288
859,0,0,-0.9127790654316192,Europe,AA.SEMITIC.ACHAEMENID_ARAMAIC,ACHAEMENID_ARAMAIC,jewi1240
862,0,0,0.7324730734633987,South Asia,IE.GERMANIC.ENGLISH,ENGLISH,stan1293
867,0,0,0.0760434672564135,South Asia,ST.BODIC.TIBETAN_WRITTEN,TIBETAN_WRITTEN,tibe1272
869,1,1,-0.2442793250228083,East Asia,ST.CHINESE.MIDDLE_CHINESE,,clas1255
870,0,0,0.8095362379827478,Central Eurasia,Alt.MONGOLIC.MONGOLIAN,,mong1331
871,0,0,0.6776932336243434,Europe,IE.GERMANIC.ENGLISH,ENGLISH,stan1293
877,0,0,0.8086077661210689,Southeast Asia,TK.KAM_TAI.THAI_3,THAI_3,thai1261
879,0,0,0.6888348959644902,Africa,IE.GERMANIC.ENGLISH,ENGLISH,stan1293
880,1,0,0.6981196145812792,Southwest Asia,AA.SEMITIC.MOROCCAN_ARABIC_2,MOROCCAN_ARABIC_2,moro1292
882,0,0,-1.455935104513778,Europe,AA.SEMITIC.ACHAEMENID_ARAMAIC,ACHAEMENID_ARAMAIC,jewi1240
883,0,0,0.7714688916539126,Central Eurasia,ST.CHINESE.KUNMING_MANDARIN,KUNMING_MANDARIN,mand1415
884,1,0,0.7324730734633987,Africa,IE.GERMANIC.ENGLISH,ENGLISH,stan1293
885,0,1,0.7816820821323807,Africa,NC.KWA.FONGBE,FONGBE,fonn1241
886,0,0,0.8095362379827478,Europe,IE.GERMANIC.ENGLISH,ENGLISH,stan1293
887,0,0,0.8095362379827478,Central Eurasia,Alt.MONGOLIC.MONGOLIAN,,mong1331
891,0,0,0.777968194685665,South America,IE.ROMANCE.SPANISH,SPANISH,stan1288
892,0,0,0.7816820821323807,North America,IE.GERMANIC.ENGLISH,ENGLISH,stan1293
896,0,0,-0.295345277415148,East Asia,Jap.JAPANESE.JAPANESE,,oldj1239
897,0,0,0.7519709825586557,East Asia,Kor.KOREAN.KOREAN,KOREAN,kore1280
900,1,0,-1.1773935460101068,Southwest Asia,AA.SEMITIC.ACHAEMENID_ARAMAIC,ACHAEMENID_ARAMAIC,jewi1240
906,0,0,0.7844674977174173,Europe,IE.GERMANIC.ENGLISH,ENGLISH,stan1293
910,0,0,0.7891098570258118,North America,IE.ROMANCE.PORTUGUESE,PORTUGUESE,port1283
914,0,0,0.12989483523379,Africa,IE.ROMANCE.SPANISH,SPANISH,stan1288
919,0,0,0.8141785972911423,Europe,IE.SLAVIC.CROATIAN,CROATIAN,croa1245
921,0,1,0.5402793980958656,South Asia,IE.INDIC.MARATHI,MARATHI,mara1378
924,1,0,0.6823355929327379,Africa,AA.SEMITIC.ARABIC_QURANIC,ARABIC_QURANIC,stan1318
927,1,0,-1.0381227667582713,Southwest Asia,AA.SEMITIC.ACHAEMENID_ARAMAIC,ACHAEMENID_ARAMAIC,jewi1240
928,0,0,0.6888348959644902,North America,Sio.SIOUAN.LAKHOTA,LAKHOTA,lako1247
931,1,0,0.4288627746943971,Europe,IE.GERMANIC.ENGLISH,ENGLISH,stan1293
933,0,0,-0.9044228186765092,Europe,AA.SEMITIC.ACHAEMENID_ARAMAIC,ACHAEMENID_ARAMAIC,jewi1240
934,1,0,0.7361869609101144,Central Eurasia,Alt.MONGOLIC.MONGOLIAN,,mong1331
935,1,0,0.7352584890484354,Africa,NC.DEFOID.OKA,OKA,yoru1245
938,1,0,-2.523677745444518,Southwest Asia,AA.SEMITIC.UGARITIC,UGARITIC,ugar1238
940,1,0,-1.0669053944703173,Europe,IE.ROMANCE.LATIN,LATIN,lati1261
941,0,1,0.4474322119279751,East Asia,Hur.HUARPE.ALLENTIAC,ALLENTIAC,
942,0,0,0.6479821340506184,Africa,IE.ROMANCE.PORTUGUESE,PORTUGUESE,port1283
943,1,0,0.5885599349031686,North America,EA.ESKIMO.INUKTITUT_EASTERN_CANADIAN,INUKTITUT_EASTERN_CANADIAN,east2534
944,1,0,0.4660016491615532,Europe,IE.SLAVIC.POLISH,POLISH,poli1260
946,1,0,-0.3881924635830384,South Asia,ST.BODIC.RANG_PAS,RANG_PAS,tibe1272
949,0,0,0.7844674977174173,North America,IE.GERMANIC.ENGLISH,ENGLISH,stan1293
950,0,0,0.4957127487352782,Africa,NC.BANTOID.SWAHILI_CHIRAZI,SWAHILI_CHIRAZI,swah1253
952,0,0,0.8002515193659587,Southwest Asia,AA.SEMITIC.HEBREW,HEBREW,hebr1245
953,0,0,0.7956091600575642,South Asia,IE.INDIC.HINDI,HINDI,hind1269
957,0,0,-1.7809002561013945,Europe,UA.AZTECAN.NAHUATL_AYOTOXCO,NAHUATL_AYOTOXCO,
958,1,0,0.3917239002272409,Europe,IE.ROMANCE.LATIN,LATIN,lati1261
960,0,0,-0.1096509050793672,South Asia,ST.BODIC.TIBETAN_LHASA,TIBETAN_LHASA,tibe1272
961,0,0,0.7120466925064628,Europe,IE.ROMANCE.ROMANIAN,ROMANIAN,roma1327
962,1,0,0.2617378395921944,East Asia,ST.BODIC.MAQU_TIBETAN,MAQU_TIBETAN,amdo1237
963,1,0,0.0008372464604223,Europe,IE.ROMANCE.LATIN,LATIN,lati1261
966,1,0,0.1856031469345242,Central Eurasia,Alt.TURKIC.TURKMEN_2,TURKMEN_2,turk1304
967,0,0,0.6563383808057286,Europe,IE.GERMANIC.ENGLISH,ENGLISH,stan1293
969,0,0,0.7176175236765362,South Asia,Dra.SOUTHERN_DRAVIDIAN.TAMIL,TAMIL,tami1289
971,1,1,-0.5738868359188193,South Asia,IE.INDIC.SANSKRIT,SANSKRIT,sans1269
972,1,0,-0.6379513943746636,Southwest Asia,AA.SEMITIC.CLASSICAL_SYRIAC,CLASSICAL_SYRIAC,clas1252
973,1,1,0.6749078180393067,South Asia,IE.INDIC.SADRI,SADRI,sadr1248
974,1,0,0.0797573547031291,Southwest Asia,Aus.PAMA_NYUNGAN.DJADJALA,DJADJALA,
975,0,0,0.8002515193659587,North America,IE.GERMANIC.ENGLISH,ENGLISH,stan1293
976,0,0,0.0639733330545878,South Asia,IE.INDIC.ASSAMESE,ASSAMESE,assa1263
978,0,0,0.3545850257600847,Southeast Asia,IE.ROMANCE.LATIN,LATIN,lati1261
980,0,0,0.0528316707144409,East Asia,Jap.JAPANESE.JAPANESE_KYOTO,JAPANESE_KYOTO,nucl1643
982,1,0,-1.5014302257360443,Southwest Asia,IE.GREEK.GREEK_ANCIENT,GREEK_ANCIENT,anci1242
983,0,0,-0.4810396497509288,South Asia,ST.BODIC.KYIRONG,KYIRONG,kyer1238
984,0,0,0.3731544629936628,Europe,IE.ROMANCE.FRENCH,FRENCH,stan1290
985,0,0,-0.0093759440180456,Europe,IE.ROMANCE.LATIN,LATIN,lati1261
986,0,0,-0.8988519875064357,Europe,IE.ROMANCE.LATIN,LATIN,lati1261
987,0,0,0.4474322119279751,South Asia,IE.INDIC.GUJARATI,GUJARATI,guja1252
988,0,0,0.6628376838374809,North America,IE.GERMANIC.ENGLISH,ENGLISH,stan1293
989,0,0,0.7519709825586557,Europe,IE.ROMANCE.FRENCH,FRENCH,stan1290
991,0,0,0.7668265323455181,North America,IE.GERMANIC.ENGLISH,ENGLISH,stan1293
993,1,0,-1.699194732273651,Europe,IE.ROMANCE.LATIN,LATIN,lati1261
994,1,0,-0.731727052404233,Africa,AA.SEMITIC.CLASSICAL_SYRIAC,CLASSICAL_SYRIAC,clas1252
997,1,0,-3.777114758711038,Africa,AA.EGYPTIAN_COPTIC.MIDDLE_EGYPTIAN,,arch1248
1004,1,0,-1.223817139094052,Europe,AA.SEMITIC.BIBLICAL_HEBREW,BIBLICAL_HEBREW,anci1244
1006,1,0,-3.517142637440945,Africa,AA.EGYPTIAN_COPTIC.MIDDLE_EGYPTIAN,,olde1242
1013,1,0,0.3638697443768738,South Asia,IE.ROMANCE.PORTUGUESE,,port1283
1028,1,0,-0.0168037189114768,Europe,AA.SEMITIC.BIBLICAL_HEBREW,BIBLICAL_HEBREW,anci1244
1037,1,0,-2.0594418146050657,Africa,AA.EGYPTIAN_COPTIC.MIDDLE_EGYPTIAN,,late1256
1038,0,0,0.4882849738418469,East Asia,Pay.PAYAGUA.PAYAGUA,PAYAGUA,
1041,0,0,0.4474322119279751,East Asia,Kor.KOREAN.KOREAN,KOREAN,kore1280
1043,1,0,0.3545850257600847,Southeast Asia,An.MALAYO_SUMBAWAN.ACEH,ACEH,achi1257
1044,0,0,-1.1690372992549969,East Asia,ST.CHINESE.OLD_CHINESE,,clas1255
1060,0,0,0.3545850257600847,East Asia,ST.CHINESE.SUZHOU_WU,,clas1255
1069,0,1,-2.434544446723343,Africa,AA.EGYPTIAN_COPTIC.MIDDLE_EGYPTIAN,,late1256
1071,0,0,0.8197494284612157,Africa,IE.ROMANCE.PORTUGUESE,PORTUGUESE,port1283
1076,1,0,0.410293337460819,South Asia,IE.ROMANCE.LATIN,LATIN,lati1261
1083,0,0,0.4706440084699477,South Asia,ST.BODIC.TIBETAN_WRITTEN,,clas1254
1087,1,0,-0.1384335327914132,Europe,IE.SLAVIC.BULGARIAN,BULGARIAN,bulg1262
1127,0,0,0.7166890518148573,East Asia,Kor.KOREAN.KOREAN,KOREAN,kore1280
1129,1,0,-1.688053069933504,Europe,UA.AZTECAN.NAHUATL_CHINANCAHUATL_ZACUALTIPAN,NAHUATL_CHINANCAHUATL_ZACUALTIPAN,
1134,0,1,-0.5386049051750209,East Asia,ST.CHINESE.MIDDLE_CHINESE,,clas1255
1140,0,0,-0.8338589571889123,East Asia,Tot.TOTONACAN.TOTONAC_OZELONACAXTLA,TOTONAC_OZELONACAXTLA,
1154,0,0,0.3545850257600847,East Asia,ST.CHINESE.MANDARIN,,clas1255
1162,0,0,-0.6667340220867096,East Asia,Tup.TUPI_GUARANI.GUARANI_ANTIGO,GUARANI_ANTIGO,
1172,0,0,-0.5738868359188193,East Asia,ST.CHINESE.MIDDLE_CHINESE,,clas1255
1178,0,0,0.8160355410145,South America,IE.ROMANCE.FRENCH,FRENCH,stan1290
1180,1,1,0.4474322119279751,Southeast Asia,An.NORTHWEST_SUMATRA_BARRIER_ISLANDS.BATAK_MANDAILING,BATAK_MANDAILING,bata1291
1192,1,1,0.7677550042071971,Southeast Asia,An.BARITO.SAMIHIM,SAMIHIM,maan1238
1199,1,1,0.7306161297400409,Africa,NC.BANTOID.TIV_1,TIV_1,tivv1240
1220,1,0,0.1011122075217439,Central Eurasia,Alt.MONGOLIC.MONGOLIAN,,mong1331
1229,0,0,0.7723973635155916,Central Eurasia,ST.CHINESE.MANDARIN_2,MANDARIN_2,mand1415
1231,0,0,-0.0168037189114768,East Asia,ST.CHINESE.MANDARIN_2,MANDARIN_2,mand1415
1241,0,0,0.6674800431458754,East Asia,ST.CHINESE.HAKKA,,clas1255
1247,0,0,0.7120466925064628,North America,IE.ROMANCE.FRENCH,FRENCH,stan1290
1248,0,0,-2.86906927798907,Southwest Asia,AA.SEMITIC.AKKADIAN,AKKADIAN,akka1240
1249,0,0,-1.311093494091869,Europe,IE.GREEK.GREEK,GREEK,mode1248
1250,0,0,-0.2489216843312028,Southwest Asia,AA.SEMITIC.IRAQ_MUSLIM_BAGHDAD_ARABIC,,arab1395
1258,1,0,-1.9665946284371751,Southwest Asia,AA.SEMITIC.BIBLICAL_HEBREW,BIBLICAL_HEBREW,anci1244
1259,0,0,0.0760434672564135,Central Eurasia,ST.CHINESE.MANDARIN,,clas1255
1268,1,1,-0.7038728965538659,Southwest Asia,AA.SEMITIC.SABEAN,SABEAN,saba1279
1279,1,0,0.4409329088962228,Southeast Asia,An.SOUTH_SULAWESI.MANDAR,MANDAR,mand1442
1281,1,1,0.7352584890484354,Africa,Krd.HEIBAN.UTORO,UTORO,otor1240
1283,1,0,0.3545850257600847,Southeast Asia,An.CELEBIC.WOLIO,WOLIO,woli1241
1289,1,0,0.3545850257600847,Southeast Asia,An.SOUTH_SULAWESI.SOPPENG_BUGINESE,SOPPENG_BUGINESE,bugi1244
1295,1,0,-0.7493680177761322,Africa,IE.ROMANCE.LATIN,LATIN,lati1261
1300,1,0,0.8095362379827478,North America,IE.ROMANCE.SPANISH,SPANISH,stan1288
1303,0,0,-2.3379833731087367,Southwest Asia,AA.SEMITIC.AKKADIAN_2,AKKADIAN_2,akka1240
1304,0,0,0.7027619738896738,North America,IE.GERMANIC.ENGLISH,ENGLISH,stan1293
1307,0,0,0.6749078180393067,North America,IE.GERMANIC.ENGLISH,ENGLISH,stan1293
1311,0,0,0.6981196145812792,North America,IE.GERMANIC.ENGLISH,ENGLISH,stan1293
1333,0,0,-0.8988519875064357,Europe,AA.SEMITIC.CLASSICAL_SYRIAC,CLASSICAL_SYRIAC,clas1252
1335,0,0,0.4242204153860026,Europe,IE.ROMANCE.LATIN,LATIN,lati1261
1340,0,0,0.7788966665473439,Europe,IE.ROMANCE.FRENCH,FRENCH,stan1290
1344,0,0,0.6702654587309121,East Asia,ST.BODIC.LHASA_TIBETAN,LHASA_TIBETAN,tibe1272
1348,1,0,0.8299626189396836,Southwest Asia,AA.SEMITIC.HEBREW,HEBREW,hebr1245
1349,1,0,0.0054796057688168,Central Eurasia,ST.CHINESE.XIANG,,clas1255
1352,0,0,-1.0362658230349135,South Asia,IE.INDIC.SANSKRIT,SANSKRIT,sans1269
1370,1,1,0.7584702855904081,Africa,IE.ROMANCE.FRENCH,FRENCH,stan1290
1371,1,0,0.7993230475042798,Southwest Asia,IE.IRANIAN.PERSIAN,PERSIAN,west2369
1374,1,0,0.410293337460819,Europe,IE.ROMANCE.FRENCH,FRENCH,stan1290
1376,0,0,0.7259737704316463,Africa,NC.BANTOID.NGONI_2,NGONI_2,zulu1248
1386,0,0,0.6396258872955083,East Asia,ST.CHINESE.MANDARIN,,clas1255
1390,1,1,0.6841925366560957,North America,NDe.ATHAPASKAN.JICARILLA_APACHE,JICARILLA_APACHE,jica1244
1392,0,0,-0.7038728965538659,Southwest Asia,AA.SEMITIC.SYRIAC_2,SYRIAC_2,clas1252
1396,0,0,-1.320378212708658,Africa,An.OCEANIC.NATI,NATI,
1397,1,0,-0.6667340220867096,North America,OM.POPOLOCAN.SAN_JUAN_CHIQUIHUITLAN,,zapo1437
1400,1,0,-0.7595812082546001,East Asia,IE.TOCHARIAN.COMMON_TOCHARIAN,COMMON_TOCHARIAN,
1412,0,0,0.6684085150075544,Central Eurasia,Jap.JAPANESE.TOKYO_JAPANESE,TOKYO_JAPANESE,nucl1643
1415,1,0,-0.7131576151706549,Europe,Tot.TOTONACAN.TOTONAC_TEJERIA,TOTONAC_TEJERIA,
1426,1,0,0.4288627746943971,East Asia,ST.CHINESE.MANDARIN,,clas1255
1433,0,0,-0.8060048013385452,Europe,IE.ROMANCE.LATIN,LATIN,lati1261
1434,1,1,0.7371154327717933,South America,Chi.KUNA.CUNA,,kuna1280
1436,0,0,-0.741011771021022,Southwest Asia,IE.GREEK.GREEK_ANCIENT,,semi1276
1441,1,0,0.1921024499662765,North America,UA.AZTECAN.CLASSICAL_NAHUATL,,azte1234
1450,1,1,0.6841925366560957,South America,IE.ROMANCE.SPANISH,SPANISH,stan1288
1454,0,0,0.2032441123064234,Europe,IE.GREEK.GREEK_ANCIENT,,gree1276
1468,0,0,-0.7363694117126275,Europe,IE.GREEK.GREEK_ANCIENT,,gree1276
1474,1,1,0.7677550042071971,South America,Pan.PANOAN.SHARANAHUA,SHARANAHUA,shar1245
1495,0,0,0.8160355410145,Europe,IE.GERMANIC.ENGLISH,ENGLISH,stan1293
1511,1,1,0.6368404717104716,Africa,AA.WEST_CHADIC.HAUSA_2,HAUSA_2,haus1257
1517,0,0,0.759398757452087,Africa,IE.ROMANCE.FRENCH,FRENCH,stan1290
1522,1,0,0.6154856188918568,Africa,Hur.HUARPE.ALLENTIAC,ALLENTIAC,
1544,1,0,0.4437183244812595,Europe,IE.SLAVIC.POLISH,POLISH,poli1260
1555,1,0,0.7909668007491697,Southwest Asia,An.NORTHWEST_FORMOSAN.PAZEH,PAZEH,
1570,0,1,0.7259737704316463,South Asia,IE.GERMANIC.ENGLISH,ENGLISH,stan1293
1574,0,0,-2.895066490116079,Southwest Asia,AA.SEMITIC.AKKADIAN_2,AKKADIAN_2,akka1240
1619,1,0,0.0760434672564135,Europe,AA.SEMITIC.AKKADIAN_2,AKKADIAN_2,akka1240
1621,1,0,0.5402793980958656,Europe,AA.SEMITIC.AKKADIAN,AKKADIAN,akka1240
1626,0,0,-1.7809002561013945,Europe,IE.GREEK.GREEK_ANCIENT,,gree1276
1627,0,0,0.7983945756426009,North America,ST.CHINESE.MANDARIN,,clas1255
1636,0,0,-0.2823466713516434,Europe,IE.GREEK.GREEK_ANCIENT,,gree1276
1653,1,0,-0.721513861925765,Europe,IE.GERMANIC.GOTHIC,GOTHIC,goth1244
1654,1,0,0.8011799912276376,Africa,May.MAYAN.TZOTZIL_ZINACANTAN_1600,TZOTZIL_ZINACANTAN_1600,
1667,0,0,0.6795501773477012,Africa,IE.ROMANCE.FRENCH,FRENCH,stan1290
1677,1,0,-2.570101338528463,Southwest Asia,AA.SEMITIC.AKKADIAN,AKKADIAN,akka1240
1689,0,0,0.3694405755469472,Southwest Asia,AA.SEMITIC.SYRIAN_ARABIC,,arab1395
1690,1,0,-0.2554209873629551,Europe,IE.GREEK.GREEK_ANCIENT,,gree1276
1694,1,0,-0.0595134245487064,Europe,IE.GREEK.GREEK_ANCIENT,,gree1276
1697,1,0,-0.6203104290027645,Europe,IE.GREEK.GREEK_ANCIENT,,gree1276
1701,1,0,0.0017657183221012,Europe,IE.ROMANCE.FRENCH,FRENCH,stan1290
1708,1,0,-0.3807646886896072,Southwest Asia,AA.SEMITIC.ARABIC_GULF_SPOKEN,,arab1395
1734,0,0,-2.523677745444518,South America,AA.SEMITIC.ARAMAIC_ANCIENT,ARAMAIC_ANCIENT,
1737,1,0,-0.4244028661885157,Southwest Asia,IE.IRANIAN.EASTERN_FARSI,,clas1255
1759,0,0,0.071401107948019,Africa,AA.SEMITIC.STANDARD_ARABIC,,arab1395
1776,0,0,0.7083328050597472,Africa,AA.SEMITIC.TUNISIAN_ARABIC_MAGHRIB,,arab1395
1777,0,0,0.7083328050597472,Africa,AA.SEMITIC.TUNISIAN_ARABIC_MAGHRIB,,arab1395
1780,0,0,0.7083328050597472,Africa,AA.SEMITIC.TUNISIAN_ARABIC_MAGHRIB,,arab1395
1781,0,0,0.7900383288874908,Africa,AA.SEMITIC.TUNISIAN_ARABIC_MAGHRIB,,arab1395
1791,1,0,-0.0168037189114768,Southwest Asia,AA.SEMITIC.IRAQ_MUSLIM_BAGHDAD_ARABIC,,arab1395
1820,0,0,0.8002515193659587,Africa,Hur.HUARPE.ALLENTIAC,ALLENTIAC,
1829,0,0,0.8058223505360321,Africa,Hur.HUARPE.ALLENTIAC,ALLENTIAC,
1835,0,0,0.7705404197922338,Africa,Hur.HUARPE.ALLENTIAC,ALLENTIAC,
1845,0,0,-0.0929384115691469,Europe,IE.GERMANIC.DANISH,DANISH,dani1285
1869,0,1,0.7538279262820134,Africa,NC.DEFOID.OKA,OKA,yoru1245
1872,0,0,0.7696119479305549,Africa,NC.DEFOID.OKA,OKA,yoru1245
1897,0,0,0.7733258353772705,Africa,NC.DEFOID.OKA,OKA,yoru1245
1903,1,0,-0.3417688704990932,Southwest Asia,AA.SEMITIC.SYRIAN_ARABIC,,arab1395
1904,1,0,0.633126584263756,Africa,AA.SEMITIC.TUNISIAN_ARABIC_MAGHRIB,,arab1395
1908,1,0,-0.0168037189114768,East Asia,Jap.JAPANESE.TOKYO_JAPANESE,TOKYO_JAPANESE,nucl1643
1938,0,0,0.6795501773477012,Southwest Asia,Hur.HUARPE.ALLENTIAC,ALLENTIAC,
1940,0,0,0.7723973635155916,Africa,NC.DEFOID.OKA,OKA,yoru1245
1943,0,1,0.8095362379827478,South America,IE.ROMANCE.SPANISH,SPANISH,stan1288
1961,0,0,0.8095362379827478,Africa,NC.DEFOID.OKA,OKA,yoru1245
1966,0,0,0.7928237444725275,Africa,NC.DEFOID.OKA,OKA,yoru1245
1972,0,0,0.7909668007491697,North America,An.NORTHWEST_FORMOSAN.PAZEH,PAZEH,
1974,0,0,0.8086077661210689,Africa,IE.GERMANIC.ENGLISH,ENGLISH,stan1293
1978,0,0,0.7863244414407752,East Asia,ST.CHINESE.CANTONESE,CANTONESE,yuec1235
1983,0,0,-0.6667340220867096,Southwest Asia,NC.PLATOID.GWARA,GWARA,
1985,0,0,-1.0065547234611885,Southwest Asia,Hur.HUARPE.ALLENTIAC,ALLENTIAC,
1993,1,0,-1.5952058837656138,Europe,Hur.HUARPE.ALLENTIAC,ALLENTIAC,
1994,0,0,0.7891098570258118,Africa,IE.GERMANIC.ENGLISH,ENGLISH,stan1293
2000,0,0,0.7566133418670502,Africa,NC.DEFOID.OKA,OKA,yoru1245
2003,1,0,0.738972376495151,Africa,IE.GERMANIC.ENGLISH,ENGLISH,stan1293
2006,0,0,0.7928237444725275,Africa,NC.DEFOID.YORUBA,YORUBA,yoru1245
2009,1,0,-1.7809002561013945,Europe,AA.WEST_CHADIC.DYARIM,DYARIM,
2010,1,0,0.1131823417235697,Europe,OM.ZAPOTECAN.ZAPOTEC_1578,ZAPOTEC_1578,
2011,0,0,0.7120466925064628,Africa,IE.GERMANIC.ENGLISH,ENGLISH,stan1293
2016,1,0,-0.1941418444921475,Southwest Asia,UA.AZTECAN.NAHUATL_IXHUATLAN_DE_MADERO,NAHUATL_IXHUATLAN_DE_MADERO,
2021,1,0,0.7306161297400409,Africa,IE.GERMANIC.ENGLISH,ENGLISH,stan1293
2023,1,0,-0.1365765890680554,Africa,Aus.PAMA_NYUNGAN.BIGAMBAL,BIGAMBAL,
2038,1,0,-0.1096509050793672,Europe,TC.TIMOTE_CUICA.MIRRIPU_TIMOTE,MIRRIPU_TIMOTE,
2051,0,0,0.8392473375564726,Southeast Asia,OM.ZAPOTECAN.ZAPOTEC_1578,ZAPOTEC_1578,
2052,0,0,0.8113931817061055,Africa,NC.DEFOID.YORUBA,YORUBA,yoru1245
2054,0,0,0.7426862639418667,Africa,NC.DEFOID.OKA,OKA,yoru1245
2061,0,0,0.633126584263756,Africa,NC.DEFOID.OKA,OKA,yoru1245
2069,1,0,0.7900383288874908,Africa,Hur.HUARPE.ALLENTIAC,ALLENTIAC,
2070,0,0,0.8216063721845736,Africa,IE.GERMANIC.ENGLISH,ENGLISH,stan1293
2074,0,0,0.7306161297400409,Africa,NC.BANTOID.CUNG,CUNG,
2084,0,0,0.8002515193659587,Africa,Hur.HUARPE.ALLENTIAC,ALLENTIAC,
2089,1,0,0.7946806881958853,Africa,Sch.SECHURA.SECHURA,SECHURA,
2104,0,0,0.5402793980958656,Africa,UA.AZTECAN.NAHUATL_HUEYATI_YAHUALICA,NAHUATL_HUEYATI_YAHUALICA,
2111,1,0,-0.3881924635830384,Africa,OM.ZAPOTECAN.ZAPOTEC_1578,ZAPOTEC_1578,
2114,0,0,0.6674800431458754,Africa,Hur.HUARPE.ALLENTIAC,ALLENTIAC,
2116,0,0,0.6368404717104716,Africa,UA.AZTECAN.NAHUATL_JALATLACO,NAHUATL_JALATLACO,
2122,0,0,0.7983945756426009,Africa,An.OCEANIC.NATI,NATI,
2126,0,0,0.8039654068126744,Africa,NC.DEFOID.OKA,OKA,yoru1245
2133,0,0,0.7473286232502612,Africa,NC.DEFOID.YORUBA,YORUBA,yoru1245
2138,1,0,0.7408293202185089,Africa,IE.GERMANIC.ENGLISH,ENGLISH,stan1293
2139,1,0,0.8002515193659587,Africa,IE.GERMANIC.ENGLISH,ENGLISH,stan1293
2141,1,0,0.8206779003228946,Africa,An.OCEANIC.NATI,NATI,
2146,0,0,0.6981196145812792,East Asia,Jap.JAPANESE.TOKYO_JAPANESE,TOKYO_JAPANESE,nucl1643
2147,1,0,0.1029691512451017,Africa,OM.ZAPOTECAN.ZAPOTEC_1578,ZAPOTEC_1578,
2149,0,0,-0.731727052404233,Europe,AA.SEMITIC.BIBLICAL_HEBREW,BIBLICAL_HEBREW,anci1244
2178,0,0,0.7426862639418667,Africa,NC.DEFOID.OKA,OKA,yoru1245
2194,0,0,0.7742543072389494,Africa,IE.GERMANIC.ENGLISH,ENGLISH,stan1293
2203,0,0,-1.4800753729174296,East Asia,Aus.PAMA_NYUNGAN.BARRANBIYA,BARRANBIYA,
2209,0,0,0.6721224024542699,Africa,IE.GERMANIC.ENGLISH,ENGLISH,stan1293
2210,0,0,0.8011799912276376,Africa,NC.DEFOID.OKA,OKA,yoru1245
2228,1,0,0.7928237444725275,Africa,IE.GERMANIC.ENGLISH,ENGLISH,stan1293
2238,0,0,0.5402793980958656,Africa,An.OCEANIC.TAPE,TAPE,
2241,1,0,-1.7344766630174493,Europe,IE.ROMANCE.LATIN,LATIN,lati1261
2244,1,0,0.0797573547031291,Europe,UA.AZTECAN.NAHUATL_CUATLAMAYAN_ANTONIO_SANTOS,NAHUATL_CUATLAMAYAN_ANTONIO_SANTOS,
2245,1,0,-0.4327591129436258,Europe,UA.AZTECAN.NAHUATL_LA_REFORMA_TEPEHUACAN_DE_GUERRERO,NAHUATL_LA_REFORMA_TEPEHUACAN_DE_GUERRERO,
2246,1,0,-0.2777043120432488,Africa,UA.AZTECAN.NAHUATL_TLALNEPANTLA_TAMAZUNCHALE,NAHUATL_TLALNEPANTLA_TAMAZUNCHALE,
2247,1,0,-0.4374014722520203,Africa,AA.EGYPTIAN_COPTIC.LATE_EGYPTIAN,LATE_EGYPTIAN,
2248,0,0,0.4762148396400212,Africa,An.NORTHWEST_FORMOSAN.PAZEH,PAZEH,
2256,0,0,0.5402793980958656,Africa,UA.AZTECAN.NAHUATL_IXTACAMAXTITLAN,NAHUATL_IXTACAMAXTITLAN,
2266,0,0,-1.5682801997769256,East Asia,ST.CHINESE.OLD_CHINESE,OLD_CHINESE,oldc1244
2271,1,0,0.7853959695790962,Africa,NC.DEFOID.OKA,OKA,yoru1245
2273,0,0,0.1605344066691938,East Asia,An.OCEANIC.TAPE,TAPE,
2274,0,0,0.7445432076652244,Africa,NC.DEFOID.YORUBA,YORUBA,yoru1245
2278,0,0,0.5402793980958656,Africa,UA.AZTECAN.NAHUATL_ACAXOCHITLAN,NAHUATL_ACAXOCHITLAN,
2279,0,0,0.7166890518148573,Africa,Aus.PAMA_NYUNGAN.BIGAMBAL,BIGAMBAL,
2283,0,0,-0.7753652299031414,East Asia,UA.AZTECAN.NAHUATL_LA_REFORMA_TEPEHUACAN_DE_GUERRERO,NAHUATL_LA_REFORMA_TEPEHUACAN_DE_GUERRERO,
2290,0,0,0.0760434672564135,Africa,Aus.PAMA_NYUNGAN.YITHA_YITHA,YITHA_YITHA,
2297,1,0,0.0509747269910831,Europe,IE.GERMANIC.ENGLISH,ENGLISH,stan1293
2299,1,0,-0.0168037189114768,Southwest Asia,IE.ROMANCE.SARDINIAN,SARDINIAN,
2308,1,0,-0.3779792731045705,Europe,TAP.GREATER_ALOR.SAR_INDONESIA,SAR_INDONESIA,
2309,1,0,-0.3361980393290198,Europe,Aus.PAMA_NYUNGAN.THAWA,THAWA,
2312,1,0,-2.7093721177802985,Africa,IE.GERMANIC.ENGLISH,ENGLISH,stan1293
2313,0,0,-0.4810396497509288,Central Eurasia,ST.CHINESE.MIDDLE_CHINESE,MIDDLE_CHINESE,midd1344
2320,0,1,-0.5738868359188193,East Asia,AA.SEMITIC.OGADEN_ARABIC,OGADEN_ARABIC,
2321,0,0,0.8113931817061055,East Asia,AA.EGYPTIAN_COPTIC.MIDDLE_EGYPTIAN,MIDDLE_EGYPTIAN,
2322,1,0,-0.4244028661885157,Southwest Asia,Arw.NORTHERN_ARAWAKAN.GUINAU,GUINAU,
2324,0,0,0.7909668007491697,Africa,UA.AZTECAN.NAHUATL_QUETZALAPA_AZOYU,NAHUATL_QUETZALAPA_AZOYU,
2325,0,0,-1.223817139094052,East Asia,Arw.NORTHERN_ARAWAKAN.CARIB_1665,CARIB_1665,
2327,0,0,0.7259737704316463,Africa,NC.DEFOID.YORUBA,YORUBA,yoru1245
2328,0,0,0.8104647098444266,East Asia,NC.PLATOID.GWARA,GWARA,
2329,1,0,0.7603272293137658,Southeast Asia,AuA.VIET_MUONG.VIETNAMESE,VIETNAMESE,viet1252
2330,0,0,0.7194744673998941,Africa,IE.GERMANIC.ENGLISH,ENGLISH,stan1293
2331,1,0,-0.3417688704990932,Southwest Asia,UA.AZTECAN.NAHUATL_QUETZALAPA_AZOYU,NAHUATL_QUETZALAPA_AZOYU,
2333,0,0,0.7538279262820134,Africa,IE.GERMANIC.ENGLISH,ENGLISH,stan1293
2339,0,1,-0.0168037189114768,Africa,NC.DEFOID.YORUBA,YORUBA,yoru1245
2346,0,0,0.633126584263756,Africa,UA.AZTECAN.NAHUATL_AMILCINGO_ZACUALPAN,NAHUATL_AMILCINGO_ZACUALPAN,
2347,0,0,0.0964698482133494,Africa,Jap.JAPANESE.EI_JAPANESE,EI_JAPANESE,nucl1643
2348,1,0,-2.152289000772956,Southwest Asia,AA.SEMITIC.BIBLICAL_HEBREW,BIBLICAL_HEBREW,anci1244
2349,0,0,0.5755613288396639,Africa,IE.GERMANIC.ENGLISH,ENGLISH,stan1293
2363,1,0,0.7631126448988026,Africa,Hur.HUARPE.ALLENTIAC,ALLENTIAC,
2365,1,0,0.3564419694834426,Africa,Tot.TOTONACAN.TOTONAC_TEJERIA,TOTONAC_TEJERIA,
2369,1,0,0.6210564500619302,Africa,Oto.OTOMACO.TAPARITA,TAPARITA,
2371,0,0,0.7723973635155916,North America,Oto.OTOMACO.OTOMACO,OTOMACO,
2375,1,0,0.4984981643203149,North America,IE.GERMANIC.ENGLISH,ENGLISH,stan1293
2428,1,0,0.777968194685665,South Asia,IE.GERMANIC.ENGLISH,ENGLISH,stan1293
2429,0,0,0.5179960734155719,Europe,Pay.PAYAGUA.PAYAGUA,PAYAGUA,
2433,0,0,-1.3278059876020891,Southwest Asia,UA.AZTECAN.NAHUATL_CHILOCOYO_HUEHUETLA,NAHUATL_CHILOCOYO_HUEHUETLA,
2451,0,1,-0.7335839961275907,Africa,IE.GERMANIC.ENGLISH,ENGLISH,stan1293
2464,1,1,0.7241168267082886,Southeast Asia,IE.GERMANIC.ENGLISH,ENGLISH,stan1293
2496,0,0,-1.0381227667582713,Southeast Asia,AA.SEMITIC.ARAMAIC_ANCIENT,ARAMAIC_ANCIENT,
2526,1,1,-0.8060048013385452,North America,May.MAYAN.CHONTAL_TABASCO,CHONTAL_TABASCO,taba1266
2567,0,0,-0.2024980912472576,Africa,UA.AZTECAN.NAHUATL_CHIGNAUTLA,NAHUATL_CHIGNAUTLA,
2614,1,0,0.7816820821323807,Africa,AA.WEST_CHADIC.KANO,KANO,haus1257
