marker,model,parameter,rhat,ess_bulk,ess_tail
circumcision,fit_base,Intercept,1,5413.46,4123.64
circumcision,fit_base,violent_internal,1,4845.56,4450.95
circumcision,fit_phylo,Intercept,1,4479.48,4754.55
circumcision,fit_phylo,violent_internal,1,11161.42,5754.18
circumcision,fit_phylo_repeat,Intercept,1,5569.15,5521.54
circumcision,fit_phylo_repeat,violent_internal,1,12948.6,5942.07
circumcision,fit_phylo_year,Intercept,1,7495.37,5950.66
circumcision,fit_phylo_year,violent_internal,1,17332.19,5701.7
circumcision,fit_phylo_year,year_scaled,1,11335.22,6427.48
circumcision,fit_phylo_year,world_regionCentralEurasia,1,18197.52,6125.31
circumcision,fit_phylo_year,world_regionEastAsia,1,15115.05,6237.47
circumcision,fit_phylo_year,world_regionEurope,1,14676.73,6493.08
circumcision,fit_phylo_year,world_regionNorthAmerica,1,15992.51,5087.47
circumcision,fit_phylo_year,world_regionOceaniaMAustralia,1,14698.53,6059.46
circumcision,fit_phylo_year,world_regionSouthAmerica,1,17639.33,5965.55
circumcision,fit_phylo_year,world_regionSouthAsia,1,10353.95,5609.46
circumcision,fit_phylo_year,world_regionSoutheastAsia,1,16477.01,5368.66
circumcision,fit_phylo_year,world_regionSouthwestAsia,1,15429.66,5793.86
dress,fit_base,Intercept,1,4911.75,4313.06
dress,fit_base,violent_internal,1,5567.41,4859.21
dress,fit_phylo,Intercept,1,6895.15,4706.06
dress,fit_phylo,violent_internal,1,12864.45,5871.33
dress,fit_phylo_repeat,Intercept,1,9697.89,5507.32
dress,fit_phylo_repeat,violent_internal,1,16944.9,5945.13
dress,fit_phylo_year,Intercept,1,7539.78,5354.65
dress,fit_phylo_year,violent_internal,1,13816.23,5423.12
dress,fit_phylo_year,year_scaled,1,9354.37,6594.09
dress,fit_phylo_year,world_regionCentralEurasia,1,14575.53,5853.58
dress,fit_phylo_year,world_regionEastAsia,1,10881.22,6176.95
dress,fit_phylo_year,world_regionEurope,1,10219.14,6039.11
dress,fit_phylo_year,world_regionNorthAmerica,1,10864.46,5683.95
dress,fit_phylo_year,world_regionOceaniaMAustralia,1,13683.37,5700.56
dress,fit_phylo_year,world_regionSouthAmerica,1,11201.41,6224.95
dress,fit_phylo_year,world_regionSouthAsia,1,8879.87,5884.43
dress,fit_phylo_year,world_regionSoutheastAsia,1,11572.63,5730.54
dress,fit_phylo_year,world_regionSouthwestAsia,1,9745.91,4846.59
extra_ritual_group_markers,fit_base,Intercept,1,5537.97,4485.64
extra_ritual_group_markers,fit_base,violent_internal,1,5886.88,4912.36
extra_ritual_group_markers,fit_phylo,Intercept,1,5941.29,4905.3
extra_ritual_group_markers,fit_phylo,violent_internal,1,10439.36,6274.08
extra_ritual_group_markers,fit_phylo_repeat,Intercept,1,8839.59,5703.55
extra_ritual_group_markers,fit_phylo_repeat,violent_internal,1,15244.22,5866.98
extra_ritual_group_markers,fit_phylo_year,Intercept,1,7244.87,5993.63
extra_ritual_group_markers,fit_phylo_year,violent_internal,1,11738.63,6137.35
extra_ritual_group_markers,fit_phylo_year,year_scaled,1,9908.61,6252.31
extra_ritual_group_markers,fit_phylo_year,world_regionCentralEurasia,1,12248.03,6310.59
extra_ritual_group_markers,fit_phylo_year,world_regionEastAsia,1,10203.82,6348.08
extra_ritual_group_markers,fit_phylo_year,world_regionEurope,1,9473.59,6590.66
extra_ritual_group_markers,fit_phylo_year,world_regionNorthAmerica,1,9061.26,5838.31
extra_ritual_group_markers,fit_phylo_year,world_regionOceaniaMAustralia,1,12378.01,5764.78
extra_ritual_group_markers,fit_phylo_year,world_regionSouthAmerica,1,12465.87,5563.73
extra_ritual_group_markers,fit_phylo_year,world_regionSouthAsia,1,8164.77,5528.2
extra_ritual_group_markers,fit_phylo_year,world_regionSoutheastAsia,1,12583.4,6248.32
extra_ritual_group_markers,fit_phylo_year,world_regionSouthwestAsia,1,10813.61,5604.79
food_taboos,fit_base,Intercept,1,5074.04,4816.29
food_taboos,fit_base,violent_internal,1,5322.05,4784.77
food_taboos,fit_phylo,Intercept,1,9838.29,5182.23
food_taboos,fit_phylo,violent_internal,1,14216.95,5033.03
food_taboos,fit_phylo_repeat,Intercept,1,12564.86,6032.41
food_taboos,fit_phylo_repeat,violent_internal,1,16648.09,5581.28
food_taboos,fit_phylo_year,Intercept,1,9547.76,5659.08
food_taboos,fit_phylo_year,violent_internal,1,14224.57,5550.58
food_taboos,fit_phylo_year,year_scaled,1,12644.41,6169.33
food_taboos,fit_phylo_year,world_regionCentralEurasia,1,15922.27,5645.62
food_taboos,fit_phylo_year,world_regionEastAsia,1,13389.35,6455.87
food_taboos,fit_phylo_year,world_regionEurope,1,12636.64,5937.1
food_taboos,fit_phylo_year,world_regionNorthAmerica,1,13353.98,5927.82
food_taboos,fit_phylo_year,world_regionOceaniaMAustralia,1,15163.83,5839.46
food_taboos,fit_phylo_year,world_regionSouthAmerica,1,13957.75,5240.52
food_taboos,fit_phylo_year,world_regionSouthAsia,1,13188.13,6865.51
food_taboos,fit_phylo_year,world_regionSoutheastAsia,1,14173.56,5736.21
food_taboos,fit_phylo_year,world_regionSouthwestAsia,1,12847.99,6169.86
hair,fit_base,Intercept,1,5160.99,4195.82
hair,fit_base,violent_internal,1,5321.29,4689.6
hair,fit_phylo,Intercept,1,8842.69,4865.05
hair,fit_phylo,violent_internal,1,12749.27,5921.83
hair,fit_phylo_repeat,Intercept,1,8176.68,5505.41
hair,fit_phylo_repeat,violent_internal,1,14444.44,5560.74
hair,fit_phylo_year,Intercept,1,9454.96,5642.82
hair,fit_phylo_year,violent_internal,1,14649.91,5573.5
hair,fit_phylo_year,year_scaled,1,11641.78,6224.39
hair,fit_phylo_year,world_regionCentralEurasia,1,15096.5,6086.22
hair,fit_phylo_year,world_regionEastAsia,1,11941.41,6377.52
hair,fit_phylo_year,world_regionEurope,1,13339.52,6664
hair,fit_phylo_year,world_regionNorthAmerica,1,13882.12,6143.28
hair,fit_phylo_year,world_regionOceaniaMAustralia,1,15839.84,5617.69
hair,fit_phylo_year,world_regionSouthAmerica,1,14702.78,5783.21
hair,fit_phylo_year,world_regionSouthAsia,1,11143.57,6138.76
hair,fit_phylo_year,world_regionSoutheastAsia,1,16335.6,5532.09
hair,fit_phylo_year,world_regionSouthwestAsia,1,14623.49,6254.2
ornaments,fit_base,Intercept,1,5028.27,4509.19
ornaments,fit_base,violent_internal,1,4894.25,3956.96
ornaments,fit_phylo,Intercept,1,6268.09,3456.52
ornaments,fit_phylo,violent_internal,1,17539.61,5346.83
ornaments,fit_phylo_repeat,Intercept,1,10513.25,5930.77
ornaments,fit_phylo_repeat,violent_internal,1,18549.2,5889.58
ornaments,fit_phylo_year,Intercept,1,7564.41,4736.1
ornaments,fit_phylo_year,violent_internal,1,15074.18,5998.89
ornaments,fit_phylo_year,year_scaled,1,11120.03,5287.7
ornaments,fit_phylo_year,world_regionCentralEurasia,1,14192.65,6214.4
ornaments,fit_phylo_year,world_regionEastAsia,1,12899.48,6467.42
ornaments,fit_phylo_year,world_regionEurope,1,11695.98,6117.71
ornaments,fit_phylo_year,world_regionNorthAmerica,1,12419.06,5816.15
ornaments,fit_phylo_year,world_regionOceaniaMAustralia,1,14236.26,6018.77
ornaments,fit_phylo_year,world_regionSouthAmerica,1,12614.1,5768.62
ornaments,fit_phylo_year,world_regionSouthAsia,1,8677.46,5842.25
ornaments,fit_phylo_year,world_regionSoutheastAsia,1,14378.23,5192.48
ornaments,fit_phylo_year,world_regionSouthwestAsia,1,12017.22,5983.32
permanent_scarring,fit_base,Intercept,1,3830.38,3500.89
permanent_scarring,fit_base,violent_internal,1,4425.77,4356.97
permanent_scarring,fit_phylo,Intercept,1,10132.8,5899.49
permanent_scarring,fit_phylo,violent_internal,1,13788.34,6369.38
permanent_scarring,fit_phylo_repeat,Intercept,1,11639.84,6015.22
permanent_scarring,fit_phylo_repeat,violent_internal,1,13902.01,6058.26
permanent_scarring,fit_phylo_year,Intercept,1,8453.7,5371.6
permanent_scarring,fit_phylo_year,violent_internal,1,10043.99,6056.64
permanent_scarring,fit_phylo_year,year_scaled,1,9289.91,5519.01
permanent_scarring,fit_phylo_year,world_regionCentralEurasia,1,14005.16,6178.37
permanent_scarring,fit_phylo_year,world_regionEastAsia,1,9789.23,5762.37
permanent_scarring,fit_phylo_year,world_regionEurope,1,11842.57,5646.99
permanent_scarring,fit_phylo_year,world_regionNorthAmerica,1,11539.82,6743.45
permanent_scarring,fit_phylo_year,world_regionOceaniaMAustralia,1,13738.71,5564.2
permanent_scarring,fit_phylo_year,world_regionSouthAmerica,1,13014.5,5222.15
permanent_scarring,fit_phylo_year,world_regionSouthAsia,1,10844.2,6065.97
permanent_scarring,fit_phylo_year,world_regionSoutheastAsia,1,10927.5,5970.06
permanent_scarring,fit_phylo_year,world_regionSouthwestAsia,1,12843.59,6761.34
tattoos_scarification,fit_base,Intercept,1,4870.23,3848.1
tattoos_scarification,fit_base,violent_internal,1,4719.86,4414.59
tattoos_scarification,fit_phylo,Intercept,1,7954.45,5026.19
tattoos_scarification,fit_phylo,violent_internal,1,9523.71,4907.36
tattoos_scarification,fit_phylo_repeat,Intercept,1,9806.59,5812.99
tattoos_scarification,fit_phylo_repeat,violent_internal,1,12833.26,5831.69
tattoos_scarification,fit_phylo_year,Intercept,1,7630.38,4876.94
tattoos_scarification,fit_phylo_year,violent_internal,1,10709.81,5069.16
tattoos_scarification,fit_phylo_year,year_scaled,1,9564.96,5433.79
tattoos_scarification,fit_phylo_year,world_regionCentralEurasia,1,12630.46,6089.97
tattoos_scarification,fit_phylo_year,world_regionEastAsia,1,11069.47,6361.35
tattoos_scarification,fit_phylo_year,world_regionEurope,1,11341.4,5836.48
tattoos_scarification,fit_phylo_year,world_regionNorthAmerica,1,13651.63,5293.77
tattoos_scarification,fit_phylo_year,world_regionOceaniaMAustralia,1,11889.97,6441.66
tattoos_scarification,fit_phylo_year,world_regionSouthAmerica,1,13559.75,6369.14
tattoos_scarification,fit_phylo_year,world_regionSouthAsia,1,10303.48,5536.98
tattoos_scarification,fit_phylo_year,world_regionSoutheastAsia,1,11709.52,5480.56
tattoos_scarification,fit_phylo_year,world_regionSouthwestAsia,1,11746.58,5771.96
