family,total_n,n_tips,raw_rate,model_estimate,ci_lo,ci_hi
IE,150,26,0.02,0.03,0.01,0.09
AA,80,18,0.06,0.07,0.02,0.19
ST,42,10,0.1,0.13,0.02,0.33
NC,27,7,0.15,0.14,0.03,0.37
An,16,14,0.44,0.46,0.21,0.77
Jap,8,1,0,0.05,0,0.28
Alt,6,3,0,0.1,0,0.42
Dra,6,2,0.17,0.15,0.01,0.54
AuA,5,2,0.2,0.24,0.03,0.68
Kor,5,1,0,0.06,0,0.35
OM,2,1,0.5,0.46,0.03,0.96
TK,2,1,0,0.18,0,0.79
Ain,1,1,1,0.69,0.07,1
Aus,1,1,1,0.57,0.02,1
Chi,1,1,1,0.64,0.03,1
Chn,1,1,1,0.62,0.03,1
HM,1,1,0,0.14,0,0.76
Iro,1,1,0,0.2,0,0.85
Krd,1,1,1,0.58,0.04,1
KT,1,1,0,0.12,0,0.71
May,1,1,1,0.69,0.07,1
NDe,1,1,1,0.7,0.08,1
Pan,1,1,1,0.64,0.04,1
Sah,1,1,1,0.71,0.08,1
Sep,1,1,1,0.67,0.05,1
Sio,1,1,0,0.2,0,0.85
UA,1,1,0,0.22,0,0.87
Ura,1,1,0,0.15,0,0.81
