entry_id,violent_external,food_taboos,year_scaled,world_region,tip_name
284,0,1,-4.301761586396411,Oceania-Australia,Aus.PAMA_NYUNGAN.DHUWAL
392,1,1,0.45255174183447,South Asia,IE.INDIC.PUNJABI_MAJHI
415,0,1,0.7914804632359665,South Asia,IE.INDIC.HINDI
422,0,0,-2.439515864410167,Europe,IE.GREEK.GREEK_ANCIENT
456,0,1,-1.1964668449843492,Southwest Asia,AA.SEMITIC.BIBLICAL_HEBREW
476,1,1,-0.1117087119273619,Southeast Asia,An.MALAYO_SUMBAWAN.CHAM_EASTERN
483,0,0,0.833380991980657,Europe,IE.GERMANIC.ENGLISH
485,1,1,-0.577270142423923,Europe,Ura.SAAMI.LULE_SAAMI
492,1,0,-1.7877298617149815,Europe,IE.ROMANCE.LATIN
520,1,1,0.4469650046685113,Southeast Asia,An.MALAYO_SUMBAWAN.CHAM_EASTERN
564,1,1,0.7728580060161041,South Asia,IE.INDIC.NEPALI
580,0,0,0.5400772907678235,South Asia,IE.INDIC.HINDI
581,0,1,0.7914804632359665,Southeast Asia,An.NORTHWEST_SUMATRA_BARRIER_ISLANDS.MENTAWAI
592,0,1,0.0745158602712624,South Asia,Dra.SOUTHERN_DRAVIDIAN.KANNADA
608,1,1,0.7505110573522691,Southwest Asia,IE.IRANIAN.KURDISH_CENTRAL
623,0,0,0.7197840029394961,North America,IE.GERMANIC.ENGLISH
645,0,1,-0.0185964258280497,South Asia,IE.INDIC.HINDI
654,1,1,0.0726536145492762,Europe,IE.ROMANCE.LATIN
661,0,1,-0.0064918286351391,Europe,IE.ROMANCE.LATIN
676,0,1,0.0726536145492762,Europe,IE.ROMANCE.LATIN
685,0,0,0.7635467774061728,Southeast Asia,An.SAMA_BAJAW.SAMAL
714,0,1,-0.5307139993742669,South Asia,Dra.SOUTHERN_DRAVIDIAN.TAMIL
726,0,1,-1.6946175756156696,South Asia,IE.INDIC.SANSKRIT
727,1,1,0.0372709458315375,Southeast Asia,An.MALAYO_SUMBAWAN.CHAM_EASTERN
745,1,0,0.6890569485267231,Oceania-Australia,An.OCEANIC.TAIOF
749,0,1,0.6331895768671357,East Asia,Kor.KOREAN.KOREAN
755,1,1,0.6797457199167919,Central Eurasia,Alt.TURKIC.UYGHUR
794,1,1,0.6704344913068606,North America,Sio.SIOUAN.OMAHA_PONCA
841,0,0,-0.043736743074864,South Asia,ST.BODIC.TIBETAN_WRITTEN
846,0,1,-0.4422573275799203,East Asia,ST.CHINESE.MIDDLE_CHINESE
848,0,1,-1.2290561451191084,Southwest Asia,AA.SEMITIC.BIBLICAL_HEBREW
850,1,1,-1.6015052895163573,Europe,IE.CELTIC.OLD_IRISH
851,1,1,0.7253707401054549,North America,IE.GERMANIC.ENGLISH
854,1,1,-1.4152807173177329,Europe,IE.CELTIC.OLD_IRISH
858,1,1,-0.8891963008566189,Europe,IE.ROMANCE.LATIN
863,0,1,-1.5549491464667011,Europe,IE.GREEK.GREEK_ANCIENT
867,0,0,0.0745158602712624,South Asia,ST.BODIC.TIBETAN_WRITTEN
869,1,1,-0.2467215267713647,East Asia,ST.CHINESE.MIDDLE_CHINESE
870,0,0,0.810102920455829,Central Eurasia,Alt.MONGOLIC.MONGOLIAN
880,1,1,0.6983681771366543,Southwest Asia,AA.SEMITIC.TUNISIAN_ARABIC_MAGHRIB
885,0,1,0.7821692346260353,Africa,NC.KWA.FONGBE
886,0,1,0.810102920455829,Europe,IE.GERMANIC.ENGLISH
891,0,1,0.7784447431820628,South America,IE.ROMANCE.SPANISH
897,0,1,0.7523733030742553,East Asia,Kor.KOREAN.KOREAN
900,1,1,-1.1825000020694525,Southwest Asia,AA.SEMITIC.BIBLICAL_HEBREW
914,0,0,0.1285209862088635,Africa,AA.SEMITIC.CLASSICAL_ARABIC
921,0,1,0.5400772907678235,South Asia,IE.INDIC.GUJARATI
924,1,1,0.6825390884997712,Africa,NC.NORTHERN_ATLANTIC.WOLOF
927,1,1,-1.042831572920484,Southwest Asia,AA.SEMITIC.BIBLICAL_HEBREW
934,1,0,0.7365442144373723,Central Eurasia,Alt.MONGOLIC.MONGOLIAN
941,0,1,0.4469650046685113,East Asia,ST.CHINESE.MIDDLE_CHINESE
952,0,1,0.8007916918458977,Southwest Asia,AA.SEMITIC.AMHARIC
962,1,1,0.2607404324698869,East Asia,ST.BODIC.TIBETAN_WRITTEN
963,1,1,-0.0009050914691804,Europe,IE.ROMANCE.LATIN
966,1,1,0.1843883578684508,Central Eurasia,IE.IRANIAN.EASTERN_FARSI
971,1,0,-0.577270142423923,South Asia,IE.INDIC.SANSKRIT
973,1,1,0.6750901056118263,South Asia,AuA.MUNDA.MUNDARI
982,1,1,-1.507461880556052,Southwest Asia,AA.SEMITIC.BIBLICAL_HEBREW
994,1,1,-0.7355610287927538,Africa,AA.SEMITIC.CLASSICAL_SYRIAC
1011,1,1,-1.7877298617149815,Southwest Asia,AA.SEMITIC.BIBLICAL_HEBREW
1013,1,1,0.3631639471791303,South Asia,IE.ROMANCE.PORTUGUESE
1028,1,1,-0.0185964258280497,Europe,IE.GERMANIC.YIDDISH_WESTERN
1037,1,1,-2.0670667200129182,Africa,AA.EGYPTIAN_COPTIC.MIDDLE_EGYPTIAN
1038,0,1,0.4879344105522087,East Asia,ST.CHINESE.MIDDLE_CHINESE
1043,1,1,0.3538527185691991,Southeast Asia,An.MALAYO_SUMBAWAN.ACEH
1069,0,1,-2.44324035585414,Africa,AA.EGYPTIAN_COPTIC.MIDDLE_EGYPTIAN
1076,1,1,0.4097200902287864,South Asia,IE.ROMANCE.PORTUGUESE
1083,0,0,0.4702430761933394,South Asia,ST.BODIC.TIBETAN_WRITTEN
1134,0,1,-0.5418874737061844,East Asia,ST.CHINESE.MIDDLE_CHINESE
1180,1,1,0.4469650046685113,Southeast Asia,An.NORTHWEST_SUMATRA_BARRIER_ISLANDS.BATAK_ANGKOLA
1191,0,1,-1.3221684312184208,Africa,IE.GREEK.GREEK_ANCIENT
1192,1,1,0.7682023917111385,Southeast Asia,An.BARITO.KATINGAN
1231,0,0,-0.0185964258280497,East Asia,ST.CHINESE.MANDARIN
1247,0,1,0.7123350200515511,North America,IE.GERMANIC.ENGLISH
1250,0,1,-0.2513771410763303,Southwest Asia,AA.SEMITIC.IRAQ_MUSLIM_BAGHDAD_ARABIC
1258,1,1,-1.973954433913606,Southwest Asia,AA.SEMITIC.BIBLICAL_HEBREW
1279,1,1,0.4404471446415594,Southeast Asia,An.SOUTH_SULAWESI.MANDAR
1281,1,1,0.7356130915763792,Africa,Krd.HEIBAN.UTORO
1283,1,1,0.3538527185691991,Southeast Asia,An.CELEBIC.WOLIO
1289,1,1,0.3538527185691991,Southeast Asia,An.SOUTH_SULAWESI.BUGINESE
1311,0,1,0.6983681771366543,North America,IE.GERMANIC.ENGLISH
1335,0,0,0.4236869331436833,Europe,IE.ROMANCE.ITALIAN
1340,0,1,0.7793758660430559,Europe,IE.GERMANIC.ENGLISH
1370,1,1,0.7588911631012072,Africa,Sah.WESTERN_SAHARAN.TEDAGA
1371,1,1,0.7998605689849047,Southwest Asia,IE.IRANIAN.PERSIAN
1374,1,0,0.4097200902287864,Europe,IE.ROMANCE.LATIN
1376,0,1,0.7263018629664479,Africa,IE.GERMANIC.ENGLISH
1390,1,1,0.6844013342217574,North America,NDe.ATHAPASKAN.LIPAN
1400,1,1,-0.7634947146225475,East Asia,ST.CHINESE.MIDDLE_CHINESE
1419,1,1,-2.4860720074598235,Africa,AA.EGYPTIAN_COPTIC.MIDDLE_EGYPTIAN
1420,1,1,0.6192227339522389,North America,Mus.MUSKOGEAN.CREEK
1426,1,0,0.4283425474486488,East Asia,ST.CHINESE.MANDARIN
1434,1,1,0.7374753372983655,South America,Chi.KUNA.CUNA
1441,1,1,0.1909062178954027,North America,UA.AZTECAN.CLASSICAL_NAHUATL
1474,1,1,0.7682023917111385,South America,Pan.PANOAN.AMAHUACA
1492,1,1,0.749579934491276,South America,Nam.NAMBIKUARAN.NAMBIKWARA
1511,1,1,0.6369140683111082,Africa,AA.WEST_CHADIC.HAUSA
1555,1,1,0.7914804632359665,Southwest Asia,AA.SEMITIC.ARABIC_QURANIC
1570,0,1,0.7263018629664479,South Asia,Dra.SOUTHERN_DRAVIDIAN.TAMIL
1689,0,1,0.368750684345089,Southwest Asia,AA.SEMITIC.SYRIAN_ARABIC
1701,1,1,2.6031391812687267e-05,Europe,IE.ROMANCE.FRENCH
1737,1,1,-0.4273593618040304,Southwest Asia,IE.IRANIAN.EASTERN_FARSI
1759,0,0,0.0698602459662968,Africa,AA.SEMITIC.STANDARD_ARABIC
1835,0,0,0.7709957602941178,Africa,IE.GERMANIC.ENGLISH
1845,0,1,-0.0949485004294857,Europe,IE.GERMANIC.DANISH
1869,0,1,0.7542355487962417,Africa,NC.DEFOID.YORUBA
1872,0,0,0.7700646374331247,Africa,NC.DEFOID.YORUBA
1897,0,0,0.7737891288770972,Africa,NC.DEFOID.YORUBA
1903,1,1,-0.3444894271756425,Southwest Asia,AA.SEMITIC.SYRIAN_ARABIC
1904,1,1,0.6331895768671357,Africa,AA.SEMITIC.TUNISIAN_ARABIC_MAGHRIB
1940,0,0,0.7728580060161041,Africa,NC.DEFOID.YORUBA
1943,0,0,0.810102920455829,South America,IE.ROMANCE.SPANISH
2010,1,0,0.1117607747109873,Europe,Alt.TURKIC.TURKISH
2016,1,0,-0.1964408922777361,Southwest Asia,AA.SEMITIC.CLASSICAL_ARABIC
2061,0,1,0.6331895768671357,Africa,NC.DEFOID.YORUBA
2069,1,1,0.7905493403749734,Africa,AA.SEMITIC.TUNISIAN_ARABIC_MAGHRIB
2084,0,0,0.8007916918458977,Africa,NC.DEFOID.YORUBA
2089,1,1,0.795204954679939,Africa,AA.SEMITIC.TUNISIAN_ARABIC_MAGHRIB
2149,0,1,-0.7355610287927538,Europe,IE.GREEK.GREEK_ANCIENT
2160,1,1,-0.8100508576722035,Southwest Asia,IE.IRANIAN.PERSIAN
2178,0,0,0.7430620744643242,Africa,NC.DEFOID.YORUBA
2210,0,1,0.8017228147068909,Africa,NC.DEFOID.YORUBA
2241,1,0,-1.7411737186653258,Europe,IE.ROMANCE.LATIN
2244,1,0,0.0782403517152349,Europe,IE.ROMANCE.LATIN
2245,1,0,-0.4357394675529685,Europe,AA.SEMITIC.CLASSICAL_ARABIC
2247,1,1,-0.4403950818579341,Africa,AA.SEMITIC.TUNISIAN_ARABIC_MAGHRIB
2273,0,0,0.1592480406216365,East Asia,ST.CHINESE.MIDDLE_CHINESE
2309,1,0,-0.3389026900096837,Europe,AA.SEMITIC.CLASSICAL_ARABIC
2320,0,1,-0.577270142423923,East Asia,ST.CHINESE.MIDDLE_CHINESE
2322,1,0,-0.4273593618040304,Southwest Asia,AA.SEMITIC.CLASSICAL_ARABIC
2324,0,1,0.7914804632359665,Africa,AA.SEMITIC.MOROCCAN_ARABIC
2329,1,0,0.7607534088231934,Southeast Asia,AuA.VIET_MUONG.VIETNAMESE
2339,0,1,-0.0185964258280497,Africa,NC.DEFOID.YORUBA
2348,1,1,-2.1601790061122306,Southwest Asia,AA.SEMITIC.BIBLICAL_HEBREW
2365,1,1,0.3557149642911853,Africa,IE.ROMANCE.SPANISH
2375,1,0,0.498176762023133,North America,IE.GERMANIC.ENGLISH
2429,0,0,0.5177303421039886,Europe,IE.GREEK.GREEK
2445,0,1,-1.4152807173177329,Africa,IE.GREEK.GREEK_ANCIENT
2451,0,1,-0.73742327451474,Africa,AA.SEMITIC.AMHARIC
2464,1,0,0.7244396172444617,Southeast Asia,An.GREATER_CENTRAL_PHILIPPINE.TAGALOG
2526,1,1,-0.8100508576722035,North America,May.MAYAN.CHONTAL_TABASCO
