entry_id,entry_name,tip_name
174,Matthew-James-Didache Movement,AA.SEMITIC.CLASSICAL_SYRIAC
230,Religion in Mesopotamia,AA.SEMITIC.AKKADIAN
284,Yolngu religion,Aus.PAMA_NYUNGAN.DJAPU
354,Priests and Scholars of Hellenistic Uruk,AA.SEMITIC.AKKADIAN
455,Lan Na Buddhism,TK.KAM_TAI.LAMPANG_THAI
577,Ganda,NC.BANTOID.LUGANDA
602,Amhara,AA.SEMITIC.AMHARIC
630,Aranda,Aus.PAMA_NYUNGAN.ALYAWARRA
667,Ainu,IE.SLAVIC.RUSSIAN
675,Chukchee,IE.SLAVIC.RUSSIAN
679,Santal,AuA.MUNDA.SANTALI
681,Sargonic Empire,AA.SEMITIC.AKKADIAN
684,Huron,Iro.NORTHERN_IROQUOIAN.WYANDOT
689,Lengua,Mas.MASCOIAN.LENGUA
728,Pentecost,An.OCEANIC.SKE
729,Kikuyu,NC.BANTOID.GIKUYU
732,Marquesans,An.OCEANIC.NORTH_MARQUESAN
739,Lakalai,An.OCEANIC.NAKANAI
745,Buka,An.OCEANIC.HALIA
763,Moriori,An.OCEANIC.MAORI
770,Thai Forest Tradition,TK.KAM_TAI.LAMPANG_THAI
834,The Plum Village Sangha of Thich Nhat Hanh,AuA.VIET_MUONG.VIETNAMESE
841,Sa skya,ST.BODIC.RANG_PAS
858,"The New Prophecy or ""Montanism""",AA.SEMITIC.CLASSICAL_SYRIAC
867,Nyingma Treasure,ST.BODIC.RANG_PAS
877,The International Network of Engaged Buddhists - INEB,TK.KAM_TAI.THAI
883,Catholics in the People's Republic of China (PRC),ST.CHINESE.MANDARIN
924,Muridiyya of Senegal,AA.SEMITIC.STANDARD_ARABIC
928,The Ghost Dance Movement and the Lakota Sioux,Sio.SIOUAN.LAKOTA
935,Nigerian Pentecostalism,NC.DEFOID.YORUBA
946,Nyingma (rnying ma),ST.BODIC.RANG_PAS
952,Ethiopian Jews,AA.SEMITIC.AMHARIC
960,Bön (Bon),ST.BODIC.RANG_PAS
961,Romanian Orthodox Church,IE.ROMANCE.ROMANIAN
966,"Naqshbandī Order, Naqshbandī Tarīqa, Naqshbandīyyah, Khwājagān,",Alt.TURKIC.TURKMEN
972,Nestorian Christianity,AA.SEMITIC.CLASSICAL_SYRIAC
980,Pure Land Buddhist Schools in Early Medieval Japan,Jap.JAPANESE.JAPANESE
994,"Monastic Communities of Lower Egypt: Nitria, Kellia, Scetis",AA.SEMITIC.CLASSICAL_SYRIAC
1136,The Fellowship of Goodness 同善社 (Tongshanshe),ST.CHINESE.MANDARIN
1196,K’iche’ (Quiché),May.MAYAN.KICHE
1199,Tiv,NC.BANTOID.TIV_1
1229,Three Self Patriotic Movement (TSPM),ST.CHINESE.MANDARIN
1231,"Shenxiao 神霄 (""Divine Empyrean"") Daoism",ST.CHINESE.MANDARIN
1234,Ashanti,NC.KWA.TWI_FANTE
1246,Shilluk,ESu.NILOTIC.SHILLUK
1248,Religion in the Old Assyrian Period,AA.SEMITIC.AKKADIAN
1289,Buginese Muslims,An.SOUTH_SULAWESI.BUGINESE
1299,Russians (of Viriatino Village),IE.SLAVIC.RUSSIAN
1303,Emar: A Hittite Vassal in Late Bronze Age Syria,AA.SEMITIC.AKKADIAN
1333,Cult of Thecla,AA.SEMITIC.CLASSICAL_SYRIAC
1344,Tibetan Nonsectarianism (ris med),ST.BODIC.RANG_PAS
1369,Astronomers in Babylon,AA.SEMITIC.AKKADIAN
1376,African Initiated Churches,NC.BANTOID.ZULU
1392,Messalians,AA.SEMITIC.CLASSICAL_SYRIAC
1412,Tenrikyo,Jap.JAPANESE.JAPANESE
1511,Sokoto,AA.WEST_CHADIC.HAUSA
1574,Household religion at Ur,AA.SEMITIC.AKKADIAN
1619,"Saint Nicholas ""Maroulenas"", Kastania, southern Greece, byzantine church",AA.SEMITIC.AKKADIAN
1621,"Saint Spyridon,Kardamyli, southern Greece, postbyzantine church",AA.SEMITIC.AKKADIAN
1677,Royal Hittite Religion,AA.SEMITIC.AKKADIAN
1869,IFA RELIGIOUS GROUP IN ILE- IFE,NC.DEFOID.YORUBA
1872,"The Holy Apostles Community, Ayetoro",NC.DEFOID.YORUBA
1897,"The Episcopal Church of Cherubim and Seraphim, Zion Pepe",NC.DEFOID.YORUBA
1908,"Buddhist Traders in the Chinese Quarter in Hakata, Japan",Jap.JAPANESE.JAPANESE
1940,"The Holy Apostles Community, Ori-Oke Iwamimo",NC.DEFOID.YORUBA
1961,"Grace Covenant Centre, Ado-Ekiti",NC.DEFOID.YORUBA
1966,Cherubim & Seraphim Movement Church (Worldwide) Ayo Ni O,NC.DEFOID.YORUBA
2000,"The Community Church of Apostles Nigeria and Oversea (COCANO), Ajegunle",NC.DEFOID.YORUBA
2006,New Life for All Nations Ministries,NC.DEFOID.YORUBA
2052,Christ Way Ministries International,NC.DEFOID.YORUBA
2054,Christ Apostolic Church,NC.DEFOID.YORUBA
2061,OYA RELIGIOUS GROUP IN OYO,NC.DEFOID.YORUBA
2126,Nasrul-lahi-li Fathi Society of Nigeria (NASFAT),NC.DEFOID.YORUBA
2146,Maruyamakyō,Jap.JAPANESE.JAPANESE
2178,Aladura Christianity in Nigeria,NC.DEFOID.YORUBA
2210,Living Faith Church Worldwide,NC.DEFOID.YORUBA
2271,The Gideons International in Ngeria,NC.DEFOID.YORUBA
2274,Ìjọ Àdìmúlà (An Institutionalised Indigenous Religious Movement in Yorubaland,NC.DEFOID.YORUBA
2284,Tarascan Religion,Tar.TARASCAN.PUREPECHA
2327,ỌBÀTÁLA RELIGIOUS GROUP AMONG THE YORUBA OF ILÉ-IFẸ̀,NC.DEFOID.YORUBA
2329,Hòa Hảo,AuA.VIET_MUONG.VIETNAMESE
2330,Evangelical Church Winning All,NC.DEFOID.YORUBA
2339,Yorùbá Traditional Religion,NC.DEFOID.YORUBA
2347,Nichiren Buddhism,Jap.JAPANESE.JAPANESE
2614,فيضة (An Overflow of Spiritual Grace),AA.WEST_CHADIC.HAUSA
173,Johannine Christianity,IE.GREEK.GREEK_ANCIENT
180,Chinese Folk Religion,ST.CHINESE.OLD_CHINESE
196,Pauline Christianity (ca. 45-60 CE),IE.GREEK.GREEK_ANCIENT
212,Warring States (China) Religion,ST.CHINESE.OLD_CHINESE
217,Roman private religion,IE.ROMANCE.LATIN
222,Late Classic Lowland Maya,May.MAYAN.CHOL_TILA
231,Roman private religion,IE.ROMANCE.CORSICAN
257,Classic Zapotec,OM.POPOLOCAN.SAN_JUAN_CHIQUIHUITLAN
381,Sikhism: Guru Nanak to Guru Arjan,IE.INDIC.PUNJABI_MAJHI
389,Iban traditional religion,An.MALAYO_SUMBAWAN.IBAN
392,Sikhism: Guru Hargobind to Guru Gobind Singh,IE.INDIC.PUNJABI_MAJHI
400,Singaporean Mega-Churches,IE.GERMANIC.ENGLISH
415,Shaiva World Renouncers,IE.INDIC.HINDI
419,The Worship of Jagannath in Puri (Odisha),IE.INDIC.ORIYA
424,Achaemenid Religion,AA.SEMITIC.ACHAEMENID_ARAMAIC
441,Worshipers of Śītalā,IE.INDIC.URDU
442,Donatism,AA.SEMITIC.PHOENICIAN
456,The Essenes,AA.SEMITIC.BIBLICAL_HEBREW
469,Won-Buddhism,Kor.KOREAN.KOREAN
476,Cham Bani,An.MALAYO_SUMBAWAN.CHAM_EASTERN
483,Northern Irish Roman Catholics,IE.GERMANIC.ENGLISH
484,Northern Irish Protestants,IE.GERMANIC.ENGLISH
485,Sámi pre-Christian religion,Ura.SAAMI.LULE_SAAMI
486,Church of Jesus Christ of Latter-day Saints (early),IE.GERMANIC.ENGLISH
490,Guglielmites,IE.ROMANCE.LATIN
492,Roman Divination,IE.ROMANCE.LATIN
525,Church of Jesus Christ of Latter-day Saints (modern),IE.GERMANIC.ENGLISH
526,Hmong Christianity,HM.HMONG_MIEN.HMONG_DAW
534,Roman Imperial Cult,IE.ROMANCE.LATIN
562,Medieval Śrīvaiṣṇavism,Dra.SOUTHERN_DRAVIDIAN.TAMIL
563,"Gaddi, a Hindu community of the Western Himalayas",IE.INDIC.HINDI
564,Tribal Christianity (and allied castes) in the Himalayas,IE.INDIC.NEPALI
565,Fellahin,AA.SEMITIC.CAIRO_ARABIC
567,Gay and Lesbian Vaishnava Association (GALVA-108),IE.GERMANIC.ENGLISH
570,Supreme Master Ching Hai World Society,IE.GERMANIC.ENGLISH
580,Nāth Sampradāya,IE.INDIC.URDU
581,Mentawai (Rereiket),An.NORTHWEST_SUMATRA_BARRIER_ISLANDS.MENTAWAI
590,Huayan School (Early Tang),ST.CHINESE.MIDDLE_CHINESE
592,Veerashaivas,IE.INDIC.URDU
598,Masai,ESu.NILOTIC.MAASAI
604,Bambara,Man.WESTERN_MANDE.BAMBARA
608,Kurd,IE.IRANIAN.KURDISH_CENTRAL
623,Diasporic American Hinduism,IE.GERMANIC.ENGLISH
624,The Roshaniyya,IE.IRANIAN.PERSIAN
626,Barama River Carib,Car.CARIBAN.TIRIYO
629,Newar Buddhists,IE.INDIC.NEPALI
632,Local Religion at Selinous,IE.GREEK.GREEK_ANCIENT
633,Mādhva,IE.INDIC.KONKANI
645,"Meo Muslim, Mev, Mewati Muslim",IE.INDIC.URDU
649,"Worshippers at the Chidambaram Nataraja Temple, Modern Period",Dra.SOUTHERN_DRAVIDIAN.TAMIL
654,12th-13th c Cistercians,IE.ROMANCE.LATIN
655,Siriono,IE.ROMANCE.SPANISH
658,Mapuche,IE.ROMANCE.SPANISH
661,Congregation of Savigny,IE.ROMANCE.LATIN
662,Goajiro,IE.ROMANCE.SPANISH
666,Siuai,IE.GERMANIC.ENGLISH
674,Aymara,IE.ROMANCE.SPANISH
676,"The Order of the Holy Trinity for the Redemption of Captives, 1198-1500",IE.ROMANCE.LATIN
680,Gujarati Mata Worshipers,IE.INDIC.HINDI
682,Lakher,ST.KUKI_CHIN.CHIN_ZYPHE
685,Badjau,An.SAMA_BAJAW.SIBUTU_SOUTHERN_SAMA
688,Darul Uloom Deoband,IE.INDIC.KONKANI
690,Ahl-e-Sunnat wa Jamaat,IE.INDIC.KONKANI
691,Fur,Fur.FUR.FUR
694,Eyak,NDe.EYAK.EYAK
710,Hidatsa,Sio.SIOUAN.HIDATSA
711,Kwoma,Sep.MIDDLE_SEPIK.KWOMA
714,Tamil Śaiva Bhakti,Dra.SOUTHERN_DRAVIDIAN.TAMIL
719,Hinduism in Trinidad,IE.GERMANIC.ENGLISH
721,Semang,AuA.ASLIAN.MINTIL
726,Early Śramaṇas,IE.INDIC.SANSKRIT
727,Raglai,An.MALAYO_SUMBAWAN.CHRU
749,Korean shamanism,Kor.KOREAN.KOREAN
750,Mekeo,An.OCEANIC.MEKEO
755,Uyghur Islam,Alt.TURKIC.UYGHUR
759,Comanche,IE.GERMANIC.ENGLISH
766,Garo,ST.BODO_GARO.GARO
788,The Late Bronze Age City-State of Ugarit,AA.SEMITIC.UGARITIC
794,Omaha,IE.GERMANIC.ENGLISH
842,American Evangelicalism,IE.GERMANIC.ENGLISH
846,Xuanzang's Yogācāra Tradition,ST.CHINESE.MIDDLE_CHINESE
848,Sadducees,AA.SEMITIC.ACHAEMENID_ARAMAIC
849,"""Gaiwiio Religion,"" ""Longhouse Religion,"" or ""The Way of Handsome Lake"" of the Seneca Tribe",Iro.NORTHERN_IROQUOIAN.SENECA
851,Sikhism in the United States,IE.GERMANIC.ENGLISH
852,Pre-Christian Religion / Paganism in Ireland,IE.CELTIC.OLD_IRISH
854,pre-Christian Irish,IE.CELTIC.OLD_IRISH
857,Wesleyanism,IE.ROMANCE.SPANISH
859,Valentinians,AA.SEMITIC.ACHAEMENID_ARAMAIC
862,Ilm-e-Khshnoom,IE.GERMANIC.ENGLISH
863,Orphism,AA.SEMITIC.ACHAEMENID_ARAMAIC
869,Sichuan Esoteric Buddhist Cult,ST.CHINESE.MIDDLE_CHINESE
870,Postsocialist Mongolian Buddhism,Alt.MONGOLIC.MONGOLIAN
871,Spiritualism,IE.GERMANIC.ENGLISH
879,Free Methodist Church,IE.GERMANIC.ENGLISH
880,Egyptian Salafism (inluding North Africa and West Asia),AA.SEMITIC.TUNISIAN_ARABIC_MAGHRIB
882,Orphism,AA.SEMITIC.ACHAEMENID_ARAMAIC
884,Sub Saharan Africa Pentecostalism,IE.GERMANIC.ENGLISH
885,Contemporary West African Vodun,NC.KWA.FONGBE
886,Pushtimarg (The Path of Grace) in the UK and Gujarat,IE.GERMANIC.ENGLISH
887,Postsocialist Mongolian Shamanism,Alt.MONGOLIC.MONGOLIAN
891,Peruvian Mormons,IE.ROMANCE.SPANISH
892,Charismatic Renewal Movement in Christianity - Second Wave Pentecostalism,IE.GERMANIC.ENGLISH
896,Sannō Shintō,Jap.JAPANESE.JAPANESE
897,Gaengjeongyudo,Kor.KOREAN.KOREAN
900,Pharisees,AA.SEMITIC.ACHAEMENID_ARAMAIC
906,The Church of England,IE.GERMANIC.ENGLISH
910,Christian Base Community movement,IE.ROMANCE.PORTUGUESE
914,Tariqa Shadhiliyya,IE.ROMANCE.SPANISH
915,Protestantism welcoming People with Disabilities,IE.GERMANIC.ENGLISH
919,Catholicism in contemporary Croatia,IE.SLAVIC.CROATIAN
921,Bhils,IE.INDIC.HINDI
927,Zealots,AA.SEMITIC.ACHAEMENID_ARAMAIC
931,The Society of Jesus (Jesuits) in Britain,IE.GERMANIC.ENGLISH
933,Marcionites,AA.SEMITIC.ACHAEMENID_ARAMAIC
934,Mongolian Buddhism during the Revolutionary Period,Alt.MONGOLIC.MONGOLIAN
938,Ugarit,AA.SEMITIC.UGARITIC
940,Julio-Claudian Imperial Cult,IE.ROMANCE.LATIN
942,African Methodist Episcopal Church,IE.ROMANCE.PORTUGUESE
943,Moravian Missionaries in Nunatsiavut,EA.ESKIMO.INUKTITUT_EASTERN_CANADIAN
944,Mohyla's Ukrainian Church,IE.SLAVIC.UKRAINIAN
949,The Church of All Worlds,IE.GERMANIC.ENGLISH
950,The Religious Society of Friends,IE.ROMANCE.SPANISH
953,Sachchai,IE.INDIC.URDU
958,Society of Jesus,IE.ROMANCE.LATIN
962,Amdo Gelukpa,ST.BODIC.MAQU_TIBETAN
963,The Knights Templar,IE.ROMANCE.LATIN
967,Unitarian Universalism,IE.GERMANIC.ENGLISH
969,Adi Dravida/Valluva Sakya Buddhism,Dra.SOUTHERN_DRAVIDIAN.TAMIL
971,Gāṇapatya,IE.INDIC.SANSKRIT
973,The Sarna religion of the Oraons of Jharkhand,IE.INDIC.SADRI
975,Neo-Charismatic Movement - Third Wave Charismatic Movement,IE.GERMANIC.ENGLISH
976,Mising Community,IE.INDIC.ASSAMESE
978,Indonesian Catholicism,IE.ROMANCE.LATIN
982,The Samaritans (Persian to early Roman periods),IE.GREEK.GREEK_ANCIENT
983,Tibetan and Himalayan Mundane and Landscape Cults,ST.BODIC.KYIRONG
984,Calvinism (Early/Reformation),IE.ROMANCE.FRENCH
985,The Victorines,IE.ROMANCE.LATIN
986,Theurgy,IE.ROMANCE.LATIN
987,"Parsis, Zoroastrians of India",IE.INDIC.GUJARATI
988,Churches of Christ- United States,IE.GERMANIC.ENGLISH
989,Opus Dei,IE.ROMANCE.FRENCH
991,Beat Buddhism,IE.GERMANIC.ENGLISH
993,Pontifex Maximus and Pontifices (Pontifical College),IE.ROMANCE.LATIN
997,Ancient Egypt - Early Dynastic Period,AA.EGYPTIAN_COPTIC.MIDDLE_EGYPTIAN
1004,Religion in Roman Ostia,AA.SEMITIC.BIBLICAL_HEBREW
1006,Ancient Egypt - Old Kingdom,AA.EGYPTIAN_COPTIC.MIDDLE_EGYPTIAN
1010,Pythagoreanism,IE.ROMANCE.LATIN
1011,Kingdom of Edom,AA.SEMITIC.BIBLICAL_HEBREW
1013,Estado da Índia Renegades in Deccan,IE.ROMANCE.PORTUGUESE
1028,German Pietists (Hasidei Ashkenaz),AA.SEMITIC.BIBLICAL_HEBREW
1037,Third Intermediate Period in Ancient Egypt,AA.EGYPTIAN_COPTIC.MIDDLE_EGYPTIAN
1041,Korean Catholicism,Kor.KOREAN.KOREAN
1043,Islam in Aceh,An.MALAYO_SUMBAWAN.ACEH
1044,Han Imperial Cult under Emperor Wu,ST.CHINESE.OLD_CHINESE
1051,Religion at Tell el-Dab'a (ancient Avaris) in Ancient Egypt,AA.SEMITIC.BIBLICAL_HEBREW
1060,The Taizhou Movement,ST.CHINESE.SUZHOU_WU
1069,Religion at Deir el-Medina,AA.EGYPTIAN_COPTIC.MIDDLE_EGYPTIAN
1071,Digital Shinto Communities,IE.ROMANCE.PORTUGUESE
1076,Inquisitors of Goa's Santo Ofício,IE.ROMANCE.LATIN
1083,Drukpa Kagyü School (Bhutan),ST.BODIC.TIBETAN_WRITTEN
1087,The Bogomils,IE.SLAVIC.BULGARIAN
1127,Anglican Church of Korea,Kor.KOREAN.KOREAN
1129,Ancient Thessalians,IE.GREEK.GREEK_ANCIENT
1134,Tiantai,ST.CHINESE.MIDDLE_CHINESE
1154,The Cult of the Fox,ST.CHINESE.MANDARIN
1172,Twofold Mystery (Chongxuan 重玄),ST.CHINESE.MIDDLE_CHINESE
1178,Modern Mystery School (MMS),IE.ROMANCE.FRENCH
1180,Batak Traditional Religions,An.NORTHWEST_SUMATRA_BARRIER_ISLANDS.BATAK_ANGKOLA
1191,Religion in Greco-Roman Alexandria,AA.SEMITIC.BIBLICAL_HEBREW
1192,Kaharingan,An.BARITO.SAMIHIM
1210,Mende,Man.WESTERN_MANDE.MENDE
1220,The Cult of Chinggis Khan (a.k.a. Genghis Khan) in Mongolia,Alt.MONGOLIC.MONGOLIAN
1223,Toda,Dra.SOUTHERN_DRAVIDIAN.TODA
1227,Polytheistic Pre-Islamic South Arabia,AA.SEMITIC.SABEAN
1241,Taiping 太平 Movement,ST.CHINESE.HAKKA
1247,Exovedate,IE.ROMANCE.FRENCH
1249,Cult of the Egyptian Gods at Demetrias,IE.GREEK.GREEK
1250,Hanbalism,AA.SEMITIC.IRAQ_MUSLIM_BAGHDAD_ARABIC
1258,Religion in Judah,AA.SEMITIC.BIBLICAL_HEBREW
1259,"The LuWang School, the School of Lu Xiangshan and Wang Yangming",ST.CHINESE.MANDARIN
1268,Monotheistic Pre-Islamic South Arabia,AA.SEMITIC.SABEAN
1279,Mandarese Muslims,An.SOUTH_SULAWESI.MANDAR
1281,Otoro Nuba,Krd.HEIBAN.UTORO
1283,Butonese Muslims,An.CELEBIC.WOLIO
1295,Donatism,IE.ROMANCE.LATIN
1300,"Enlace de Agentes de Pastoral Indígena (EAPI, Network of Indigenous Ministry Agents)",IE.ROMANCE.SPANISH
1304,Peyote Religion (Peyotism) and the Native American Church,IE.GERMANIC.ENGLISH
1307,Southern Baptists,IE.GERMANIC.ENGLISH
1311,Jehovah's Witnesses,IE.GERMANIC.ENGLISH
1323,Luguru,NC.BANTOID.LUGURU
1335,Congregation of the Oratory,IE.ROMANCE.LATIN
1337,Tell Afis (Syria),AA.SEMITIC.AMEDYA_ARAMAIC
1340,International Sivananda Yoga Vedanta Centers,IE.ROMANCE.FRENCH
1348,Disability-focused Christianity for Palestinians,AA.SEMITIC.HEBREW
1349,The Dingxiang Wang Cult,ST.CHINESE.XIANG
1352,Śākadvīpīya Brāhmaṇas,IE.INDIC.SANSKRIT
1370,Teda,IE.ROMANCE.FRENCH
1371,Twelver Shi'ism in post-revolutionary Iran,IE.IRANIAN.PERSIAN
1374,The Reformed Church (Early Orthodoxy),IE.ROMANCE.FRENCH
1386,Liumen (Liu School),ST.CHINESE.MANDARIN
1390,Eastern Apache,NDe.ATHAPASKAN.LIPAN
1397,The Classic Period Peripheral Coastal Lowlands Ritual Ballgame Cult,OM.POPOLOCAN.SAN_JUAN_CHIQUIHUITLAN
1419,Ancient Egyptian Religion in the Early 18th Dynasty,AA.EGYPTIAN_COPTIC.MIDDLE_EGYPTIAN
1420,Creek,Mus.MUSKOGEAN.CREEK
1426,Early Missionary Christianity in China,ST.CHINESE.MANDARIN
1433,Novatians,IE.ROMANCE.LATIN
1434,Kuna,Chi.KUNA.CUNA
1436,The Monastic School of Gaza,IE.GREEK.GREEK_ANCIENT
1441,Mexica (Aztec) Religion,UA.AZTECAN.CLASSICAL_NAHUATL
1450,Tehuelche,IE.ROMANCE.SPANISH
1454,Hesychastic Controversy,IE.GREEK.GREEK_ANCIENT
1468,Eastern Christianity From Nicaea to Chalcedon,IE.GREEK.GREEK_ANCIENT
1474,Amahuaca,Pan.PANOAN.YAMINAWA
1492,Nambicuara,Nam.NAMBIKUARAN.NAMBIKWARA
1495,Secular Buddhists,IE.GERMANIC.ENGLISH
1517,Tunisian Women's Associations,IE.ROMANCE.FRENCH
1521,Order of the Hermits of St Augustine (Augustinian friars),IE.ROMANCE.LATIN
1544,Ukrainian Greek Catholic Church,IE.SLAVIC.OLD_CHURCH_SLAVONIC
1570,Tamil Muslims,IE.GERMANIC.ENGLISH
1624,Neo-Assyrian Healers (āšipu/mašmaššu-exorcists),AA.SEMITIC.AKKADIAN
1626,The Cult of Maritime Hera,IE.GREEK.GREEK_ANCIENT
1627,Mount Putuo 普陀山,ST.CHINESE.MANDARIN
1636,The second phase of the Iconoclastic Controversy,IE.GREEK.GREEK_ANCIENT
1653,Visigothic Homoian Christianity,IE.GERMANIC.GOTHIC
1667,Medérsiens,IE.ROMANCE.FRENCH
1689,The Isma'ilis in the Ottoman Empire,AA.SEMITIC.SYRIAN_ARABIC
1690,Christianity in Byzantium: between the end of Iconoclasm and the Schism,IE.GREEK.GREEK_ANCIENT
1694,Christianity in Byzantium: Between the Schism and the Fourth Crusade,IE.GREEK.GREEK_ANCIENT
1697,Stylite Monks,IE.GREEK.GREEK_ANCIENT
1701,The Premonstratensian Order in the Middle Ages,IE.ROMANCE.FRENCH
1708,الإباضية  Al-Ibadia,AA.SEMITIC.ARABIC_GULF_SPOKEN
1737,الإمامية Al-Imamia,IE.IRANIAN.EASTERN_FARSI
1759,الطريقة الشاذلية = Attarika Achadoulia,AA.SEMITIC.STANDARD_ARABIC
1776,الطريقة القادرية في البلاد التونسية The Qadiriyya Order in Tunisia,AA.SEMITIC.TUNISIAN_ARABIC_MAGHRIB
1777,الطريقة التّيجانية بالبلاد التونسية The Tijaniyya Order in Tunisia,AA.SEMITIC.TUNISIAN_ARABIC_MAGHRIB
1780,الطريقة الشاذلية في تونس The Shadhiliyya Order in Tunisia,AA.SEMITIC.TUNISIAN_ARABIC_MAGHRIB
1781,المذهب الشيعي في تونس The Shiʿi madhhab in Tunisia,AA.SEMITIC.TUNISIAN_ARABIC_MAGHRIB
1791,"الطريقة القادرية في بغداد: فترة التأسيس ق12 Attarika Al Qadiria à Bagdad: la période fondatrice, le XIIe siècle",AA.SEMITIC.IRAQ_MUSLIM_BAGHDAD_ARABIC
1845,Benedictine Order in Denmark,IE.GERMANIC.DANISH
1903,The 'Abbāsids,AA.SEMITIC.SYRIAN_ARABIC
1904,الطريقة القادرية في تونس القرن  19 و20   =  L'ordre Qadiri en Tunisie aux XIXe et XXe siècles,AA.SEMITIC.TUNISIAN_ARABIC_MAGHRIB
1943,Cult of Gauchito Gil,IE.ROMANCE.SPANISH
1974,"Chapel of Grace, Ile-Ife",IE.GERMANIC.ENGLISH
1978,"The Dharmalakshana Buddhist Institute 佛教法相學會, Hong Kong",ST.CHINESE.CANTONESE
1994,Nigeria Fellowship of Evangelical Students (NIFES),IE.GERMANIC.ENGLISH
2003,Nigerian Baptist Convention,IE.GERMANIC.ENGLISH
2011,Scripture Union Nigeria,IE.GERMANIC.ENGLISH
2021,The United Missionary Church of Africa,IE.GERMANIC.ENGLISH
2070,Overcomers Evangelical Mission International (Ori-Oke Asegun),IE.GERMANIC.ENGLISH
2128,Paulicians,IE.ARMENIAN.ARMENIAN_CLASSICAL
2131,Chimú Empire Religion,Cmu.CHIMUAN.MOCHICA
2133,ANSAR-UD-DEEN SOCIETY OF NIGERIA,IE.GERMANIC.ENGLISH
2138,الجماعة الأحمدية الإسلامية في نيجيريا,IE.GERMANIC.ENGLISH
2139,Shi'a Group in Nigeria,IE.GERMANIC.ENGLISH
2149,Judaism in Byzantium,AA.SEMITIC.BIBLICAL_HEBREW
2194,The Redeemed Christian Church of God,IE.GERMANIC.ENGLISH
2203,Huang-Lao Daoism,ST.CHINESE.OLD_CHINESE
2209,The Church of Nigeria Anglican Communion,IE.GERMANIC.ENGLISH
2228,Church of God Mission,IE.GERMANIC.ENGLISH
2232,"Lollards, Lollard, the Lollard movement, Lollardism,  Lollardy, Wycliffites",IE.GERMANIC.ENGLISH
2241,The Cult of Cybele and Attis,IE.ROMANCE.LATIN
2264,Puritans,IE.GERMANIC.ENGLISH
2266,Yangsheng Daoism from Laozi to Ge Hong,ST.CHINESE.OLD_CHINESE
2297,Waldensians (Waldenses),IE.GERMANIC.ENGLISH
2312,The philosophical system of 'Ubuntu' in Southern Africa,IE.GERMANIC.ENGLISH
2313,Dungan people,ST.CHINESE.MIDDLE_CHINESE
2333,Sōka Gakkai (創価学会),IE.GERMANIC.ENGLISH
2335,The Seventh-day Adventist Church in Nigeria,IE.GERMANIC.ENGLISH
2348,Ancient Israelite Religion (Iron Age),AA.SEMITIC.BIBLICAL_HEBREW
2349,Methodism (Wesleyanism),IE.GERMANIC.ENGLISH
2353,Sannō Ichijitsu Shintō,IE.GERMANIC.ENGLISH
2360,Toltecas,IE.GERMANIC.ENGLISH
2373,"The London Missionary Society in British Guiana, 1800-1824",IE.GERMANIC.ENGLISH
2375,"Quakers in Barbados, 1655-1780",IE.GERMANIC.ENGLISH
2376,"Baptists in Jamaica, 1780-1832",IE.GERMANIC.ENGLISH
2407,"Obeah in Jamaica, British Guiana, and Barbados, 1760-1834",IE.GERMANIC.ENGLISH
2428,Navayana Buddhism,IE.GERMANIC.ENGLISH
2451,Ethiopian Orthodox Tewahedo Church,IE.GERMANIC.ENGLISH
2455,New Orleans Voodoo,IE.GERMANIC.ENGLISH
2464,Philippine Catholicism,IE.GERMANIC.ENGLISH
2526,The Chontal Maya (Yoko t’anob),May.MAYAN.CHONTAL_TABASCO
1522,Tijaniyya Tariqa الطريقة التجانية,AA.SEMITIC.STANDARD_ARABIC
1555,Al-Ahbash الأحباش,AA.SEMITIC.STANDARD_ARABIC
1654,Le Parti du Mouvement de La Nahda حزب حركة النهضة,AA.SEMITIC.STANDARD_ARABIC
1985,Christianity in Antioch. From the Apostolic Era to the Islamic conquest,AA.SEMITIC.STANDARD_ARABIC
2016,الدولة الفاطمية Fatimid Dynasty,AA.SEMITIC.STANDARD_ARABIC
2023,الدولة الزيرية Zirid Dynasty,AA.SEMITIC.STANDARD_ARABIC
2048,الدولة الرستمية Rustamid Dynasty,AA.SEMITIC.STANDARD_ARABIC
2069,L'ordre Soufi Qasimite Hadfite الطريقة الصوفية القاسميّة الهادفية,AA.SEMITIC.STANDARD_ARABIC
2074,"Revolutionary Mahdism and Resistance to Colonial Rule in the Sokoto Caliphate, 1905-1906",AA.SEMITIC.STANDARD_ARABIC
2084,MAITATSINE: NIGERIA'S BLOODY RELIGIOUS TERRORIST MOVEMENT,AA.SEMITIC.STANDARD_ARABIC
2089,L'ordre Soufit karkariya en Tunisie الطريقة الكركرية في تونس,AA.SEMITIC.STANDARD_ARABIC
2104,الطريقة التجانية في تونس ق18-ق19 ATARIKA TJENIA FI TOUNES  XVIII-XIXème siècle,AA.SEMITIC.STANDARD_ARABIC
2114,Tijaniyyah Sufi Movement in North-Western Nigeria,AA.SEMITIC.STANDARD_ARABIC
2116,Qadiriyyah Movement in the Sokoto Caliphate.,AA.SEMITIC.STANDARD_ARABIC
2122,Jama'at Izalat al-Bid'ah wa Iqamat al-Sunnah (JIBWIS),AA.SEMITIC.STANDARD_ARABIC
2141,(Ahl al-Sunnah Group for Preaching and Jihad)جماعة أهل السنة للدعوة والجهاد,AA.SEMITIC.STANDARD_ARABIC
2147,الدولة الحفصية Hafsid Dynasty,AA.SEMITIC.STANDARD_ARABIC
2238,XX ــــــــ    ـق  XVIII   الطريقة التجانية في الجزائر :ق,AA.SEMITIC.STANDARD_ARABIC
2245,صقلية الإسلامية Islamic Sicily,AA.SEMITIC.STANDARD_ARABIC
2246,المذهب الحنفي بالبلاد التونسية The Hanafi school in Tunisia,AA.SEMITIC.STANDARD_ARABIC
2247,الفتح العربي الإسلامي لشمال إفريقيا The Arab-Islamic Conquest of North Africa,AA.SEMITIC.STANDARD_ARABIC
2248,الدولة المرادية في تونس The Muradid Dynasty in Tunisia,AA.SEMITIC.STANDARD_ARABIC
2256,الطريقة الرحمانية في الجزائر  ق18-ق20,AA.SEMITIC.STANDARD_ARABIC
2278,الطريقة القادرية البودشيشية في المغرب الأقصى,AA.SEMITIC.STANDARD_ARABIC
2290,الطريقة القادرية في مصر ق13م-ق21م,AA.SEMITIC.STANDARD_ARABIC
2299,الحشاشين  ق11-ق13   =   Assassins   XI-XIII,AA.SEMITIC.STANDARD_ARABIC
2301,Kaloutsiani Mosque,AA.SEMITIC.STANDARD_ARABIC
2308,الفتح العربي الإسلامي للأندلس The Arab-Islamic Conquest of the Iberian Peninsula,AA.SEMITIC.STANDARD_ARABIC
2309,الدولة الأموية بالأندلس The Umayyad Dynasty in the Iberian Peninsula,AA.SEMITIC.STANDARD_ARABIC
2322,الدّولة الأمويّة في المشرق  بين662 م و750م (The Umayyad State in the Mashriq from 662 to 750),AA.SEMITIC.STANDARD_ARABIC
2324,"Justice and Development Party (PJD), Morocco",AA.SEMITIC.STANDARD_ARABIC
2331,الدولة العباسيبّة في المشرق  من 750 م الى 1517 م (The Abbasid State in the Mashriq from 750 to 1517),AA.SEMITIC.STANDARD_ARABIC
2363,"L'ordre Soufi Tunisien ""al-Hasaniyya"" الطريقة الحسنية التونسية",AA.SEMITIC.STANDARD_ARABIC
2365,Moriscos,AA.SEMITIC.STANDARD_ARABIC
2369,Le Mouvement Sanussiyya الحركة السنوسيّة,AA.SEMITIC.STANDARD_ARABIC
2567,Zahiriyyah [in the Iberian Peninsula],AA.SEMITIC.STANDARD_ARABIC
422,Demeter Cult,IE.GREEK.GREEK_ANCIENT
948,Christianity in Ephesus,IE.GREEK.GREEK_ANCIENT
941,Chan Buddhists in early Qing period,ST.CHINESE.MIDDLE_CHINESE
1038,Sino-Muslims in Qing China,ST.CHINESE.MIDDLE_CHINESE
1140,Early Medieval Confucianism,ST.CHINESE.MIDDLE_CHINESE
1162,Lingbao dafa,ST.CHINESE.MIDDLE_CHINESE
1291,Mañjuśrī Devotionalism,ST.CHINESE.MIDDLE_CHINESE
2233,The Way of Former Heaven (Xiantiandao 先天道),ST.CHINESE.MIDDLE_CHINESE
2283,Ge Hong 葛洪 and Outer Alchemy 外丹,ST.CHINESE.MIDDLE_CHINESE
2321,Falungong 法輪功 (Falun Gong) / Falun Dafa 法輪大法,ST.CHINESE.MIDDLE_CHINESE
2328,Church of Almighty God (Quannengshen jiaohui 全能神教會) / Eastern Lightning (Dongfang shandian 東方閃電),ST.CHINESE.MIDDLE_CHINESE
470,Archaic Spartan Cults,IE.GREEK.GREEK_ANCIENT
957,Spartan Religion,IE.GREEK.GREEK_ANCIENT
1983,Early Byzantine Asceticism,IE.GREEK.GREEK_ANCIENT
1993,Ancient Boeotians,IE.GREEK.GREEK_ANCIENT
2009,Ancient Arcadians,IE.GREEK.GREEK_ANCIENT
2010,Bektashi Tarika,IE.GREEK.GREEK_ANCIENT
2160,Manichaeans,IE.GREEK.GREEK_ANCIENT
2244,"Catholicism in the Latin Empire, Catholicism in the Eastern Roman Empire (Byzantium), the Latin Patriarchate of Constantinople",IE.GREEK.GREEK_ANCIENT
2420,Evangelistria of Kipseli Arta,IE.GREEK.GREEK_ANCIENT
2429,Vyliza Monastery,IE.GREEK.GREEK_ANCIENT
2433,Hellenistic Religion in the Seleucid Empire,IE.GREEK.GREEK_ANCIENT
2445,Priesthoods in Ptolemaic Thebes (Luxor),IE.GREEK.GREEK_ANCIENT
1396,Ptolemaic Egypt - Egyptian Religion,IE.GREEK.GREEK_ANCIENT
607,Mohism,ST.CHINESE.MIDDLE_CHINESE
1400,The Buddhist Nuns of 4th - 6th century China,ST.CHINESE.MIDDLE_CHINESE
2490,Wu Zetian's State Buddhism,ST.CHINESE.MIDDLE_CHINESE
974,"Greek Chalcedonian Christians, Nicaea",IE.GREEK.GREEK_ANCIENT
1415,Anomeans,IE.GREEK.GREEK_ANCIENT
2320,Sanjiejiao (三階教),ST.CHINESE.MIDDLE_CHINESE
2325,"Outer alchemy (外丹, waidan)",ST.CHINESE.MIDDLE_CHINESE
2496,Vietnamese popular religion,AuA.VIET_MUONG.VIETNAMESE
2051,Tibeto-Vietnamese Đạo Mẫu,AuA.VIET_MUONG.VIETNAMESE
1820,"Cherubim and Seraphim Church Unification, Campus Fellowship",NC.DEFOID.YORUBA
1829,Cherubim and Seraphim Unification Church of Nigeria (C&SUCN),NC.DEFOID.YORUBA
1835,"The Cherubim and Seraphim Church of Zion, Ugbonla",NC.DEFOID.YORUBA
